239,177,216;0,0,0,1,0,0,0,0;
70,142,103;0,1,0,0,0,0,0,0;
87,134,207;0,0,1,0,0,0,0,0;
77,139,107;0,1,0,0,0,0,0,0;
241,185,223;0,0,0,1,0,0,0,0;
244,140,164;1,0,0,0,0,0,0,0;
78,127,210;0,0,1,0,0,0,0,0;
59,131,91;0,1,0,0,0,0,0,0;
247,145,173;1,0,0,0,0,0,0,0;
76,134,220;0,0,1,0,0,0,0,0;
196,113,157;0,0,0,1,0,0,0,0;
89,138,217;0,0,1,0,0,0,0,0;
182,212,216;0,0,0,0,0,1,0,0;
181,212,217;0,0,0,0,0,1,0,0;
180,210,214;0,0,0,0,0,1,0,0;
182,211,216;0,0,0,0,0,1,0,0;
179,209,214;0,0,0,0,0,1,0,0;
181,210,215;0,0,0,0,0,1,0,0;
179,209,213;0,0,0,0,0,1,0,0;
178,207,212;0,0,0,0,0,1,0,0;
177,208,212;0,0,0,0,0,1,0,0;
173,203,208;0,0,0,0,0,1,0,0;
167,197,202;0,0,0,0,0,1,0,0;
165,196,201;0,0,0,0,0,1,0,0;
160,191,197;0,0,0,0,0,1,0,0;
162,192,198;0,0,0,0,0,1,0,0;
159,190,195;0,0,0,0,0,1,0,0;
156,186,192;0,0,0,0,0,1,0,0;
160,191,196;0,0,0,0,0,1,0,0;
180,210,216;0,0,0,0,0,1,0,0;
178,209,214;0,0,0,0,0,1,0,0;
173,205,209;0,0,0,0,0,1,0,0;
169,201,206;0,0,0,0,0,1,0,0;
161,192,197;0,0,0,0,0,1,0,0;
156,187,193;0,0,0,0,0,1,0,0;
145,178,185;0,0,0,0,0,1,0,0;
142,175,183;0,0,0,0,0,1,0,0;
122,149,156;0,0,0,0,0,1,0,0;
105,124,128;0,0,0,0,0,1,0,0;
126,150,157;0,0,0,0,0,1,0,0;
152,183,191;0,0,0,0,0,1,0,0;
159,191,198;0,0,0,0,0,1,0,0;
180,209,214;0,0,0,0,0,1,0,0;
179,208,213;0,0,0,0,0,1,0,0;
176,207,211;0,0,0,0,0,1,0,0;
176,206,211;0,0,0,0,0,1,0,0;
172,202,207;0,0,0,0,0,1,0,0;
171,201,206;0,0,0,0,0,1,0,0;
169,200,205;0,0,0,0,0,1,0,0;
144,175,181;0,0,0,0,0,1,0,0;
138,168,175;0,0,0,0,0,1,0,0;
134,164,170;0,0,0,0,0,1,0,0;
134,162,168;0,0,0,0,0,1,0,0;
132,161,168;0,0,0,0,0,1,0,0;
141,170,178;0,0,0,0,0,1,0,0;
143,174,180;0,0,0,0,0,1,0,0;
149,181,187;0,0,0,0,0,1,0,0;
157,188,194;0,0,0,0,0,1,0,0;
159,189,195;0,0,0,0,0,1,0,0;
163,194,198;0,0,0,0,0,1,0,0;
166,198,203;0,0,0,0,0,1,0,0;
168,199,204;0,0,0,0,0,1,0,0;
172,202,208;0,0,0,0,0,1,0,0;
171,203,209;0,0,0,0,0,1,0,0;
169,199,205;0,0,0,0,0,1,0,0;
132,158,165;0,0,0,0,0,1,0,0;
127,153,160;0,0,0,0,0,1,0,0;
134,161,169;0,0,0,0,0,1,0,0;
136,164,173;0,0,0,0,0,1,0,0;
136,163,170;0,0,0,0,0,1,0,0;
141,169,175;0,0,0,0,0,1,0,0;
177,207,212;0,0,0,0,0,1,0,0;
173,204,209;0,0,0,0,0,1,0,0;
175,204,209;0,0,0,0,0,1,0,0;
175,205,211;0,0,0,0,0,1,0,0;
179,210,214;0,0,0,0,0,1,0,0;
179,208,214;0,0,0,0,0,1,0,0;
181,211,216;0,0,0,0,0,1,0,0;
182,212,217;0,0,0,0,0,1,0,0;
180,211,216;0,0,0,0,0,1,0,0;
177,208,214;0,0,0,0,0,1,0,0;
176,206,212;0,0,0,0,0,1,0,0;
174,204,209;0,0,0,0,0,1,0,0;
177,207,213;0,0,0,0,0,1,0,0;
180,210,215;0,0,0,0,0,1,0,0;
176,207,212;0,0,0,0,0,1,0,0;
171,203,207;0,0,0,0,0,1,0,0;
163,194,199;0,0,0,0,0,1,0,0;
157,187,194;0,0,0,0,0,1,0,0;
156,188,194;0,0,0,0,0,1,0,0;
142,173,181;0,0,0,0,0,1,0,0;
125,151,157;0,0,0,0,0,1,0,0;
115,140,146;0,0,0,0,0,1,0,0;
116,139,144;0,0,0,0,0,1,0,0;
127,152,157;0,0,0,0,0,1,0,0;
179,210,215;0,0,0,0,0,1,0,0;
178,208,214;0,0,0,0,0,1,0,0;
173,205,210;0,0,0,0,0,1,0,0;
172,204,209;0,0,0,0,0,1,0,0;
171,202,206;0,0,0,0,0,1,0,0;
168,200,205;0,0,0,0,0,1,0,0;
162,193,198;0,0,0,0,0,1,0,0;
158,189,194;0,0,0,0,0,1,0,0;
153,183,190;0,0,0,0,0,1,0,0;
147,179,185;0,0,0,0,0,1,0,0;
144,175,182;0,0,0,0,0,1,0,0;
143,173,179;0,0,0,0,0,1,0,0;
143,174,181;0,0,0,0,0,1,0,0;
145,175,181;0,0,0,0,0,1,0,0;
146,177,184;0,0,0,0,0,1,0,0;
145,177,183;0,0,0,0,0,1,0,0;
169,201,205;0,0,0,0,0,1,0,0;
170,202,207;0,0,0,0,0,1,0,0;
174,206,210;0,0,0,0,0,1,0,0;
178,208,212;0,0,0,0,0,1,0,0;
178,210,214;0,0,0,0,0,1,0,0;
179,210,216;0,0,0,0,0,1,0,0;
179,211,215;0,0,0,0,0,1,0,0;
181,211,215;0,0,0,0,0,1,0,0;
181,212,216;0,0,0,0,0,1,0,0;
182,213,217;0,0,0,0,0,1,0,0;
183,213,218;0,0,0,0,0,1,0,0;
183,212,217;0,0,0,0,0,1,0,0;
183,213,217;0,0,0,0,0,1,0,0;
180,211,215;0,0,0,0,0,1,0,0;
175,206,210;0,0,0,0,0,1,0,0;
171,201,205;0,0,0,0,0,1,0,0;
163,192,198;0,0,0,0,0,1,0,0;
152,179,185;0,0,0,0,0,1,0,0;
144,170,175;0,0,0,0,0,1,0,0;
153,178,183;0,0,0,0,0,1,0,0;
170,198,203;0,0,0,0,0,1,0,0;
178,206,211;0,0,0,0,0,1,0,0;
180,208,213;0,0,0,0,0,1,0,0;
176,205,210;0,0,0,0,0,1,0,0;
170,201,206;0,0,0,0,0,1,0,0;
170,202,206;0,0,0,0,0,1,0,0;
169,200,204;0,0,0,0,0,1,0,0;
174,206,211;0,0,0,0,0,1,0,0;
174,205,209;0,0,0,0,0,1,0,0;
171,202,208;0,0,0,0,0,1,0,0;
173,204,210;0,0,0,0,0,1,0,0;
163,193,198;0,0,0,0,0,1,0,0;
139,165,170;0,0,0,0,0,1,0,0;
128,149,153;0,0,0,0,0,1,0,0;
112,132,134;0,0,0,0,0,1,0,0;
112,130,130;0,0,0,0,0,1,0,0;
113,132,133;0,0,0,0,0,1,0,0;
111,130,132;0,0,0,0,0,1,0,0;
131,154,159;0,0,0,0,0,1,0,0;
175,207,211;0,0,0,0,0,1,0,0;
171,203,208;0,0,0,0,0,1,0,0;
166,197,202;0,0,0,0,0,1,0,0;
161,193,198;0,0,0,0,0,1,0,0;
151,182,188;0,0,0,0,0,1,0,0;
146,178,184;0,0,0,0,0,1,0,0;
143,175,182;0,0,0,0,0,1,0,0;
141,172,178;0,0,0,0,0,1,0,0;
139,169,176;0,0,0,0,0,1,0,0;
122,150,156;0,0,0,0,0,1,0,0;
91,115,116;0,0,0,0,0,1,0,0;
113,141,145;0,0,0,0,0,1,0,0;
128,158,164;0,0,0,0,0,1,0,0;
141,171,176;0,0,0,0,0,1,0,0;
148,179,186;0,0,0,0,0,1,0,0;
155,186,192;0,0,0,0,0,1,0,0;
161,192,196;0,0,0,0,0,1,0,0;
141,167,173;0,0,0,0,0,1,0,0;
116,138,141;0,0,0,0,0,1,0,0;
112,131,134;0,0,0,0,0,1,0,0;
126,145,148;0,0,0,0,0,1,0,0;
163,192,197;0,0,0,0,0,1,0,0;
175,205,209;0,0,0,0,0,1,0,0;
176,207,213;0,0,0,0,0,1,0,0;
176,208,213;0,0,0,0,0,1,0,0;
172,203,209;0,0,0,0,0,1,0,0;
177,207,211;0,0,0,0,0,1,0,0;
176,208,214;0,0,0,0,0,1,0,0;
172,204,210;0,0,0,0,0,1,0,0;
167,200,205;0,0,0,0,0,1,0,0;
166,199,204;0,0,0,0,0,1,0,0;
175,206,212;0,0,0,0,0,1,0,0;
180,211,217;0,0,0,0,0,1,0,0;
151,178,184;0,0,0,0,0,1,0,0;
127,146,150;0,0,0,0,0,1,0,0;
133,152,156;0,0,0,0,0,1,0,0;
172,201,206;0,0,0,0,0,1,0,0;
181,210,214;0,0,0,0,0,1,0,0;
179,209,215;0,0,0,0,0,1,0,0;
173,204,208;0,0,0,0,0,1,0,0;
175,208,212;0,0,0,0,0,1,0,0;
177,209,214;0,0,0,0,0,1,0,0;
177,206,211;0,0,0,0,0,1,0,0;
172,204,208;0,0,0,0,0,1,0,0;
163,195,199;0,0,0,0,0,1,0,0;
150,181,187;0,0,0,0,0,1,0,0;
147,176,181;0,0,0,0,0,1,0,0;
127,150,154;0,0,0,0,0,1,0,0;
97,114,114;0,0,0,0,0,1,0,0;
94,108,108;0,0,0,0,0,1,0,0;
105,124,125;0,0,0,0,0,1,0,0;
139,164,168;0,0,0,0,0,1,0,0;
171,199,203;0,0,0,0,0,1,0,0;
182,210,215;0,0,0,0,0,1,0,0;
184,212,216;0,0,0,0,0,1,0,0;
185,213,217;0,0,0,0,0,1,0,0;
176,204,208;0,0,0,0,0,1,0,0;
161,191,197;0,0,0,0,0,1,0,0;
161,193,197;0,0,0,0,0,1,0,0;
163,193,199;0,0,0,0,0,1,0,0;
161,192,198;0,0,0,0,0,1,0,0;
160,190,196;0,0,0,0,0,1,0,0;
152,183,189;0,0,0,0,0,1,0,0;
145,178,184;0,0,0,0,0,1,0,0;
147,178,183;0,0,0,0,0,1,0,0;
155,185,191;0,0,0,0,0,1,0,0;
158,189,195;0,0,0,0,0,1,0,0;
133,155,159;0,0,0,0,0,1,0,0;
102,119,120;0,0,0,0,0,1,0,0;
103,119,121;0,0,0,0,0,1,0,0;
105,126,128;0,0,0,0,0,1,0,0;
108,126,130;0,0,0,0,0,1,0,0;
107,126,128;0,0,0,0,0,1,0,0;
107,122,123;0,0,0,0,0,1,0,0;
105,121,121;0,0,0,0,0,1,0,0;
111,128,127;0,0,0,0,0,1,0,0;
247,133,161;1,0,0,0,0,0,0,0;
75,144,108;0,1,0,0,0,0,0,0;
79,136,223;0,0,1,0,0,0,0,0;
77,132,215;0,0,1,0,0,0,0,0;
79,147,115;0,1,0,0,0,0,0,0;
78,121,197;0,0,1,0,0,0,0,0;
199,113,158;0,0,0,1,0,0,0,0;
247,125,153;1,0,0,0,0,0,0,0;
70,136,99;0,1,0,0,0,0,0,0;
247,148,170;1,0,0,0,0,0,0,0;
81,136,220;0,0,1,0,0,0,0,0;
224,139,186;0,0,0,1,0,0,0,0;
74,121,198;0,0,1,0,0,0,0,0;
62,117,210;0,0,1,0,0,0,0,0;
226,142,188;0,0,0,1,0,0,0,0;
71,127,213;0,0,1,0,0,0,0,0;
69,122,207;0,0,1,0,0,0,0,0;
57,102,175;0,0,1,0,0,0,0,0;
247,171,198;1,0,0,0,0,0,0,0;
81,127,197;0,0,1,0,0,0,0,0;
56,125,83;0,1,0,0,0,0,0,0;
246,152,178;1,0,0,0,0,0,0,0;
77,133,219;0,0,1,0,0,0,0,0;
70,119,199;0,0,1,0,0,0,0,0;
246,172,195;1,0,0,0,0,0,0,0;
60,128,210;0,0,1,0,0,0,0,0;
65,136,94;0,1,0,0,0,0,0,0;
75,143,107;0,1,0,0,0,0,0,0;
72,143,109;0,1,0,0,0,0,0,0;
46,67,52;0,1,0,0,0,0,0,0;
72,146,116;0,1,0,0,0,0,0,0;
231,151,196;0,0,0,1,0,0,0,0;
74,137,105;0,1,0,0,0,0,0,0;
84,135,216;0,0,1,0,0,0,0,0;
240,180,218;0,0,0,1,0,0,0,0;
74,130,213;0,0,1,0,0,0,0,0;
68,119,91;0,1,0,0,0,0,0,0;
75,143,108;0,1,0,0,0,0,0,0;
246,157,179;1,0,0,0,0,0,0,0;
84,137,215;0,0,1,0,0,0,0,0;
247,166,188;1,0,0,0,0,0,0,0;
244,138,161;1,0,0,0,0,0,0,0;
141,255,248;0,0,0,0,1,0,0,0;
247,175,201;1,0,0,0,0,0,0,0;
89,135,201;0,0,1,0,0,0,0,0;
73,131,215;0,0,1,0,0,0,0,0;
247,161,187;1,0,0,0,0,0,0,0;
216,136,180;0,0,0,1,0,0,0,0;
81,136,110;0,1,0,0,0,0,0,0;
85,150,119;0,1,0,0,0,0,0,0;
246,140,163;1,0,0,0,0,0,0,0;
42,72,153;0,0,1,0,0,0,0,0;
56,86,139;0,0,1,0,0,0,0,0;
76,139,105;0,1,0,0,0,0,0,0;
69,140,100;0,1,0,0,0,0,0,0;
235,160,204;0,0,0,1,0,0,0,0;
238,177,216;0,0,0,1,0,0,0,0;
60,102,174;0,0,1,0,0,0,0,0;
109,157,228;0,0,1,0,0,0,0,0;
79,137,109;0,1,0,0,0,0,0,0;
54,105,198;0,0,1,0,0,0,0,0;
75,129,214;0,0,1,0,0,0,0,0;
238,178,218;0,0,0,1,0,0,0,0;
244,199,233;0,0,0,1,0,0,0,0;
244,198,232;0,0,0,1,0,0,0,0;
204,117,163;0,0,0,1,0,0,0,0;
81,137,220;0,0,1,0,0,0,0,0;
82,145,113;0,1,0,0,0,0,0,0;
75,144,109;0,1,0,0,0,0,0,0;
183,213,205;0,1,0,0,0,0,0,0;
89,136,206;0,0,1,0,0,0,0,0;
50,95,174;0,0,1,0,0,0,0,0;
247,146,171;1,0,0,0,0,0,0,0;
247,172,197;1,0,0,0,0,0,0,0;
168,98,137;0,0,0,1,0,0,0,0;
239,181,222;0,0,0,1,0,0,0,0;
247,157,184;1,0,0,0,0,0,0,0;
242,183,222;0,0,0,1,0,0,0,0;
77,138,106;0,1,0,0,0,0,0,0;
237,178,218;0,0,0,1,0,0,0,0;
70,115,194;0,0,1,0,0,0,0,0;
247,144,171;1,0,0,0,0,0,0,0;
137,255,248;0,0,0,0,1,0,0,0;
86,138,218;0,0,1,0,0,0,0,0;
231,153,197;0,0,0,1,0,0,0,0;
71,142,104;0,1,0,0,0,0,0,0;
86,134,209;0,0,1,0,0,0,0,0;
139,178,234;0,0,1,0,0,0,0,0;
247,163,184;1,0,0,0,0,0,0,0;
222,142,187;0,0,0,1,0,0,0,0;
241,189,225;0,0,0,1,0,0,0,0;
76,128,207;0,0,1,0,0,0,0,0;
247,180,204;1,0,0,0,0,0,0,0;
75,148,113;0,1,0,0,0,0,0,0;
247,173,197;1,0,0,0,0,0,0,0;
69,140,101;0,1,0,0,0,0,0,0;
58,130,86;0,1,0,0,0,0,0,0;
39,97,60;0,1,0,0,0,0,0,0;
70,146,105;0,1,0,0,0,0,0,0;
247,151,178;1,0,0,0,0,0,0,0;
77,126,204;0,0,1,0,0,0,0,0;
79,133,219;0,0,1,0,0,0,0,0;
43,90,172;0,0,1,0,0,0,0,0;
69,141,100;0,1,0,0,0,0,0,0;
83,147,116;0,1,0,0,0,0,0,0;
231,156,201;0,0,0,1,0,0,0,0;
86,136,213;0,0,1,0,0,0,0,0;
190,106,151;0,0,0,1,0,0,0,0;
241,121,146;1,0,0,0,0,0,0,0;
73,123,203;0,0,1,0,0,0,0,0;
226,146,191;0,0,0,1,0,0,0,0;
70,132,96;0,1,0,0,0,0,0,0;
81,133,212;0,0,1,0,0,0,0,0;
79,131,216;0,0,1,0,0,0,0,0;
76,129,209;0,0,1,0,0,0,0,0;
247,145,171;1,0,0,0,0,0,0,0;
79,148,113;0,1,0,0,0,0,0,0;
59,115,208;0,0,1,0,0,0,0,0;
63,98,162;0,0,1,0,0,0,0,0;
247,169,193;1,0,0,0,0,0,0,0;
239,179,217;0,0,0,1,0,0,0,0;
53,116,81;0,1,0,0,0,0,0,0;
73,145,105;0,1,0,0,0,0,0,0;
237,168,211;0,0,0,1,0,0,0,0;
238,175,214;0,0,0,1,0,0,0,0;
72,142,107;0,1,0,0,0,0,0,0;
234,165,206;0,0,0,1,0,0,0,0;
80,150,116;0,1,0,0,0,0,0,0;
132,172,231;0,0,1,0,0,0,0,0;
230,159,203;0,0,0,1,0,0,0,0;
247,177,201;1,0,0,0,0,0,0,0;
214,161,198;0,0,0,1,0,0,0,0;
95,141,215;0,0,1,0,0,0,0,0;
240,185,225;0,0,0,1,0,0,0,0;
67,109,191;0,0,1,0,0,0,0,0;
77,134,219;0,0,1,0,0,0,0,0;
229,150,195;0,0,0,1,0,0,0,0;
204,121,167;0,0,0,1,0,0,0,0;
95,146,221;0,0,1,0,0,0,0,0;
239,179,216;0,0,0,1,0,0,0,0;
66,119,89;0,1,0,0,0,0,0,0;
242,185,224;0,0,0,1,0,0,0,0;
54,105,188;0,0,1,0,0,0,0,0;
238,171,214;0,0,0,1,0,0,0,0;
72,140,104;0,1,0,0,0,0,0,0;
88,137,216;0,0,1,0,0,0,0,0;
147,255,248;0,0,0,0,1,0,0,0;
230,151,195;0,0,0,1,0,0,0,0;
211,126,172;0,0,0,1,0,0,0,0;
119,255,248;0,0,0,0,1,0,0,0;
233,166,209;0,0,0,1,0,0,0,0;
83,149,118;0,1,0,0,0,0,0,0;
243,194,229;0,0,0,1,0,0,0,0;
76,123,198;0,0,1,0,0,0,0,0;
77,122,197;0,0,1,0,0,0,0,0;
78,131,212;0,0,1,0,0,0,0,0;
66,136,96;0,1,0,0,0,0,0,0;
68,132,94;0,1,0,0,0,0,0,0;
238,179,215;0,0,0,1,0,0,0,0;
168,104,134;0,0,0,1,0,0,0,0;
142,255,248;0,0,0,0,1,0,0,0;
74,136,102;0,1,0,0,0,0,0,0;
230,68,86;1,0,0,0,0,0,0,0;
42,82,163;0,0,1,0,0,0,0,0;
233,158,202;0,0,0,1,0,0,0,0;
79,140,109;0,1,0,0,0,0,0,0;
72,145,104;0,1,0,0,0,0,0,0;
72,132,221;0,0,1,0,0,0,0,0;
241,195,229;0,0,0,1,0,0,0,0;
67,135,97;0,1,0,0,0,0,0,0;
247,177,204;1,0,0,0,0,0,0,0;
105,255,248;0,0,0,0,1,0,0,0;
88,131,197;0,0,1,0,0,0,0,0;
245,148,170;1,0,0,0,0,0,0,0;
76,138,102;0,1,0,0,0,0,0,0;
127,159,206;0,0,1,0,0,0,0,0;
73,124,95;0,1,0,0,0,0,0,0;
238,175,215;0,0,0,1,0,0,0,0;
41,72,152;0,0,1,0,0,0,0,0;
247,140,164;1,0,0,0,0,0,0,0;
240,170,212;0,0,0,1,0,0,0,0;
242,95,115;1,0,0,0,0,0,0,0;
62,136,94;0,1,0,0,0,0,0,0;
78,148,111;0,1,0,0,0,0,0,0;
128,255,248;0,0,0,0,1,0,0,0;
69,136,100;0,1,0,0,0,0,0,0;
60,226,245;0,0,0,0,1,0,0,0;
67,139,99;0,1,0,0,0,0,0,0;
240,179,216;0,0,0,1,0,0,0,0;
59,112,199;0,0,1,0,0,0,0,0;
219,62,79;1,0,0,0,0,0,0,0;
76,130,212;0,0,1,0,0,0,0,0;
237,169,208;0,0,0,1,0,0,0,0;
237,164,206;0,0,0,1,0,0,0,0;
114,163,232;0,0,1,0,0,0,0,0;
73,140,104;0,1,0,0,0,0,0,0;
240,179,219;0,0,0,1,0,0,0,0;
75,132,218;0,0,1,0,0,0,0,0;
78,145,109;0,1,0,0,0,0,0,0;
69,117,195;0,0,1,0,0,0,0,0;
245,143,167;1,0,0,0,0,0,0,0;
69,142,102;0,1,0,0,0,0,0,0;
246,161,186;1,0,0,0,0,0,0,0;
83,134,214;0,0,1,0,0,0,0,0;
110,151,214;0,0,1,0,0,0,0,0;
243,191,228;0,0,0,1,0,0,0,0;
73,127,210;0,0,1,0,0,0,0,0;
83,127,195;0,0,1,0,0,0,0,0;
163,196,238;0,0,1,0,0,0,0,0;
77,131,216;0,0,1,0,0,0,0,0;
247,158,186;1,0,0,0,0,0,0,0;
247,140,163;1,0,0,0,0,0,0,0;
246,190,213;1,0,0,0,0,0,0,0;
199,117,159;0,0,0,1,0,0,0,0;
247,140,169;1,0,0,0,0,0,0,0;
56,125,82;0,1,0,0,0,0,0,0;
242,101,125;1,0,0,0,0,0,0,0;
209,127,174;0,0,0,1,0,0,0,0;
140,168,197;0,0,1,0,0,0,0,0;
246,129,160;1,0,0,0,0,0,0,0;
236,172,214;0,0,0,1,0,0,0,0;
219,136,181;0,0,0,1,0,0,0,0;
135,255,248;0,0,0,0,1,0,0,0;
67,123,213;0,0,1,0,0,0,0,0;
208,80,93;1,0,0,0,0,0,0,0;
218,152,194;0,0,0,1,0,0,0,0;
55,104,195;0,0,1,0,0,0,0,0;
51,77,127;0,0,1,0,0,0,0,0;
208,126,171;0,0,0,1,0,0,0,0;
79,132,216;0,0,1,0,0,0,0,0;
56,83,66;0,1,0,0,0,0,0,0;
191,105,150;0,0,0,1,0,0,0,0;
80,125,197;0,0,1,0,0,0,0,0;
87,138,219;0,0,1,0,0,0,0,0;
129,171,157;0,1,0,0,0,0,0,0;
71,245,247;0,0,0,0,1,0,0,0;
246,128,155;1,0,0,0,0,0,0,0;
239,169,213;0,0,0,1,0,0,0,0;
221,61,80;1,0,0,0,0,0,0,0;
80,145,113;0,1,0,0,0,0,0,0;
61,99,171;0,0,1,0,0,0,0,0;
127,162,209;0,0,1,0,0,0,0,0;
82,147,116;0,1,0,0,0,0,0,0;
74,128,215;0,0,1,0,0,0,0,0;
68,134,97;0,1,0,0,0,0,0,0;
61,107,183;0,0,1,0,0,0,0,0;
79,150,117;0,1,0,0,0,0,0,0;
57,95,158;0,0,1,0,0,0,0,0;
242,94,114;1,0,0,0,0,0,0,0;
67,142,101;0,1,0,0,0,0,0,0;
238,87,109;1,0,0,0,0,0,0,0;
245,108,133;1,0,0,0,0,0,0,0;
179,108,149;0,0,0,1,0,0,0,0;
51,99,183;0,0,1,0,0,0,0,0;
247,152,180;1,0,0,0,0,0,0,0;
238,180,219;0,0,0,1,0,0,0,0;
71,138,102;0,1,0,0,0,0,0,0;
60,115,207;0,0,1,0,0,0,0,0;
134,255,248;0,0,0,0,1,0,0,0;
71,105,172;0,0,1,0,0,0,0,0;
60,114,203;0,0,1,0,0,0,0,0;
64,244,247;0,0,0,0,1,0,0,0;
88,151,122;0,1,0,0,0,0,0,0;
149,255,248;0,0,0,0,1,0,0,0;
227,153,195;0,0,0,1,0,0,0,0;
47,65,50;0,1,0,0,0,0,0,0;
79,144,111;0,1,0,0,0,0,0,0;
247,184,209;1,0,0,0,0,0,0,0;
150,255,248;0,0,0,0,1,0,0,0;
247,173,196;1,0,0,0,0,0,0,0;
247,149,178;1,0,0,0,0,0,0,0;
214,131,177;0,0,0,1,0,0,0,0;
75,134,220;0,0,1,0,0,0,0,0;
55,92,156;0,0,1,0,0,0,0,0;
65,116,85;0,1,0,0,0,0,0,0;
200,114,157;0,0,0,1,0,0,0,0;
75,253,248;0,0,0,0,1,0,0,0;
239,95,116;1,0,0,0,0,0,0,0;
78,144,111;0,1,0,0,0,0,0,0;
78,146,113;0,1,0,0,0,0,0,0;
239,178,218;0,0,0,1,0,0,0,0;
111,255,248;0,0,0,0,1,0,0,0;
204,119,164;0,0,0,1,0,0,0,0;
63,126,90;0,1,0,0,0,0,0,0;
74,130,217;0,0,1,0,0,0,0,0;
61,116,202;0,0,1,0,0,0,0,0;
237,187,219;0,0,0,1,0,0,0,0;
82,132,212;0,0,1,0,0,0,0,0;
70,131,98;0,1,0,0,0,0,0,0;
246,173,197;1,0,0,0,0,0,0,0;
236,165,209;0,0,0,1,0,0,0,0;
74,137,103;0,1,0,0,0,0,0,0;
126,169,233;0,0,1,0,0,0,0,0;
72,144,106;0,1,0,0,0,0,0,0;
244,133,158;1,0,0,0,0,0,0,0;
247,173,195;1,0,0,0,0,0,0,0;
136,255,248;0,0,0,0,1,0,0,0;
241,189,227;0,0,0,1,0,0,0,0;
70,127,95;0,1,0,0,0,0,0,0;
78,122,193;0,0,1,0,0,0,0,0;
83,125,194;0,0,1,0,0,0,0,0;
40,94,60;0,1,0,0,0,0,0,0;
242,197,231;0,0,0,1,0,0,0,0;
199,114,158;0,0,0,1,0,0,0,0;
73,131,218;0,0,1,0,0,0,0,0;
80,149,113;0,1,0,0,0,0,0,0;
239,182,222;0,0,0,1,0,0,0,0;
78,145,111;0,1,0,0,0,0,0,0;
225,145,190;0,0,0,1,0,0,0,0;
75,149,111;0,1,0,0,0,0,0,0;
113,255,248;0,0,0,0,1,0,0,0;
231,155,197;0,0,0,1,0,0,0,0;
88,136,209;0,0,1,0,0,0,0,0;
238,173,215;0,0,0,1,0,0,0,0;
68,129,213;0,0,1,0,0,0,0,0;
235,165,208;0,0,0,1,0,0,0,0;
243,187,224;0,0,0,1,0,0,0,0;
242,188,226;0,0,0,1,0,0,0,0;
247,163,188;1,0,0,0,0,0,0,0;
166,100,131;0,0,0,1,0,0,0,0;
124,162,213;0,0,1,0,0,0,0,0;
235,163,203;0,0,0,1,0,0,0,0;
58,92,157;0,0,1,0,0,0,0,0;
228,65,86;1,0,0,0,0,0,0,0;
82,126,196;0,0,1,0,0,0,0,0;
77,148,113;0,1,0,0,0,0,0,0;
62,140,98;0,1,0,0,0,0,0,0;
77,132,216;0,0,1,0,0,0,0,0;
247,177,199;1,0,0,0,0,0,0,0;
70,120,105;0,1,0,0,0,0,0,0;
226,150,194;0,0,0,1,0,0,0,0;
245,202,234;0,0,0,1,0,0,0,0;
78,150,117;0,1,0,0,0,0,0,0;
81,134,215;0,0,1,0,0,0,0,0;
232,157,202;0,0,0,1,0,0,0,0;
74,141,104;0,1,0,0,0,0,0,0;
217,141,188;0,0,0,1,0,0,0,0;
242,195,230;0,0,0,1,0,0,0,0;
196,111,155;0,0,0,1,0,0,0,0;
72,135,102;0,1,0,0,0,0,0,0;
80,142,109;0,1,0,0,0,0,0,0;
230,152,196;0,0,0,1,0,0,0,0;
234,71,91;1,0,0,0,0,0,0,0;
239,182,220;0,0,0,1,0,0,0,0;
247,165,187;1,0,0,0,0,0,0,0;
247,155,184;1,0,0,0,0,0,0,0;
247,187,211;1,0,0,0,0,0,0,0;
69,118,197;0,0,1,0,0,0,0,0;
102,255,248;0,0,0,0,1,0,0,0;
238,177,217;0,0,0,1,0,0,0,0;
232,70,91;1,0,0,0,0,0,0,0;
242,191,226;0,0,0,1,0,0,0,0;
42,84,164;0,0,1,0,0,0,0,0;
229,148,193;0,0,0,1,0,0,0,0;
73,124,212;0,0,1,0,0,0,0,0;
246,145,168;1,0,0,0,0,0,0,0;
83,150,116;0,1,0,0,0,0,0,0;
246,126,155;1,0,0,0,0,0,0,0;
61,139,94;0,1,0,0,0,0,0,0;
64,137,94;0,1,0,0,0,0,0,0;
63,111,83;0,1,0,0,0,0,0,0;
76,134,104;0,1,0,0,0,0,0,0;
61,131,213;0,0,1,0,0,0,0,0;
79,124,194;0,0,1,0,0,0,0,0;
166,99,132;0,0,0,1,0,0,0,0;
41,72,149;0,0,1,0,0,0,0,0;
247,135,160;1,0,0,0,0,0,0,0;
82,253,248;0,0,0,0,1,0,0,0;
72,145,108;0,1,0,0,0,0,0,0;
217,138,179;0,0,0,1,0,0,0,0;
66,133,96;0,1,0,0,0,0,0,0;
60,116,203;0,0,1,0,0,0,0,0;
233,153,199;0,0,0,1,0,0,0,0;
84,133,209;0,0,1,0,0,0,0,0;
247,179,205;1,0,0,0,0,0,0,0;
84,150,119;0,1,0,0,0,0,0,0;
79,146,112;0,1,0,0,0,0,0,0;
244,197,232;0,0,0,1,0,0,0,0;
201,116,160;0,0,0,1,0,0,0,0;
70,133,98;0,1,0,0,0,0,0,0;
241,86,107;1,0,0,0,0,0,0,0;
60,241,247;0,0,0,0,1,0,0,0;
82,130,205;0,0,1,0,0,0,0,0;
64,128,91;0,1,0,0,0,0,0,0;
247,150,176;1,0,0,0,0,0,0,0;
62,122,86;0,1,0,0,0,0,0,0;
67,131,94;0,1,0,0,0,0,0,0;
84,147,116;0,1,0,0,0,0,0,0;
148,179,174;0,1,0,0,0,0,0,0;
242,194,227;0,0,0,1,0,0,0,0;
77,125,199;0,0,1,0,0,0,0,0;
76,144,109;0,1,0,0,0,0,0,0;
204,116,163;0,0,0,1,0,0,0,0;
59,109,197;0,0,1,0,0,0,0,0;
202,115,161;0,0,0,1,0,0,0,0;
241,95,116;1,0,0,0,0,0,0,0;
247,154,176;1,0,0,0,0,0,0,0;
220,134,180;0,0,0,1,0,0,0,0;
77,123,198;0,0,1,0,0,0,0,0;
240,87,110;1,0,0,0,0,0,0,0;
75,145,111;0,1,0,0,0,0,0,0;
233,157,202;0,0,0,1,0,0,0,0;
228,150,193;0,0,0,1,0,0,0,0;
85,133,209;0,0,1,0,0,0,0,0;
56,89,146;0,0,1,0,0,0,0,0;
74,127,208;0,0,1,0,0,0,0,0;
75,128,208;0,0,1,0,0,0,0,0;
131,167,217;0,0,1,0,0,0,0,0;
246,148,171;1,0,0,0,0,0,0,0;
240,185,223;0,0,0,1,0,0,0,0;
216,150,197;1,0,0,0,0,0,0,0;
144,255,248;0,0,0,0,1,0,0,0;
73,118,194;0,0,1,0,0,0,0,0;
59,228,246;0,0,0,0,1,0,0,0;
239,176,216;0,0,0,1,0,0,0,0;
239,138,159;1,0,0,0,0,0,0,0;
245,144,168;1,0,0,0,0,0,0,0;
247,173,199;1,0,0,0,0,0,0,0;
200,114,159;0,0,0,1,0,0,0,0;
73,126,211;0,0,1,0,0,0,0,0;
241,186,220;0,0,0,1,0,0,0,0;
246,148,172;1,0,0,0,0,0,0,0;
242,193,229;0,0,0,1,0,0,0,0;
217,71,89;1,0,0,0,0,0,0,0;
84,137,217;0,0,1,0,0,0,0,0;
147,184,235;0,0,1,0,0,0,0,0;
80,143,113;0,1,0,0,0,0,0,0;
51,119,80;0,1,0,0,0,0,0,0;
210,124,172;0,0,0,1,0,0,0,0;
206,123,170;0,0,0,1,0,0,0,0;
61,102,177;0,0,1,0,0,0,0,0;
79,138,107;0,1,0,0,0,0,0,0;
74,141,107;0,1,0,0,0,0,0,0;
172,101,143;0,0,0,1,0,0,0,0;
204,119,168;0,0,0,1,0,0,0,0;
240,94,117;1,0,0,0,0,0,0,0;
244,144,168;1,0,0,0,0,0,0,0;
83,134,211;0,0,1,0,0,0,0,0;
234,171,212;0,0,0,1,0,0,0,0;
68,142,104;0,1,0,0,0,0,0,0;
246,136,160;1,0,0,0,0,0,0,0;
230,152,198;0,0,0,1,0,0,0,0;
62,112,202;0,0,1,0,0,0,0,0;
224,147,190;0,0,0,1,0,0,0,0;
58,135,89;0,1,0,0,0,0,0,0;
247,146,169;1,0,0,0,0,0,0,0;
79,132,214;0,0,1,0,0,0,0,0;
226,146,192;0,0,0,1,0,0,0,0;
98,135,189;0,0,1,0,0,0,0,0;
202,225,221;0,1,0,0,0,0,0,0;
67,92,144;0,0,1,0,0,0,0,0;
79,123,195;0,0,1,0,0,0,0,0;
79,122,196;0,0,1,0,0,0,0,0;
85,137,215;0,0,1,0,0,0,0,0;
68,132,97;0,1,0,0,0,0,0,0;
65,250,248;0,0,0,0,1,0,0,0;
76,129,216;0,0,1,0,0,0,0,0;
246,153,176;1,0,0,0,0,0,0,0;
239,184,222;0,0,0,1,0,0,0,0;
79,131,212;0,0,1,0,0,0,0,0;
77,143,109;0,1,0,0,0,0,0,0;
243,192,229;0,0,0,1,0,0,0,0;
246,170,194;1,0,0,0,0,0,0,0;
246,129,155;1,0,0,0,0,0,0,0;
209,125,169;0,0,0,1,0,0,0,0;
78,129,207;0,0,1,0,0,0,0,0;
242,188,225;0,0,0,1,0,0,0,0;
65,117,85;0,1,0,0,0,0,0,0;
86,135,211;0,0,1,0,0,0,0,0;
60,123,85;0,1,0,0,0,0,0,0;
196,75,87;1,0,0,0,0,0,0,0;
232,157,201;0,0,0,1,0,0,0,0;
85,139,221;0,0,1,0,0,0,0,0;
74,139,105;0,1,0,0,0,0,0,0;
198,111,158;0,0,0,1,0,0,0,0;
238,176,211;0,0,0,1,0,0,0,0;
81,132,208;0,0,1,0,0,0,0,0;
239,95,117;1,0,0,0,0,0,0,0;
225,146,192;0,0,0,1,0,0,0,0;
79,139,109;0,1,0,0,0,0,0,0;
62,117,207;0,0,1,0,0,0,0,0;
85,137,220;0,0,1,0,0,0,0,0;
242,192,228;0,0,0,1,0,0,0,0;
109,255,248;0,0,0,0,1,0,0,0;
65,139,94;0,1,0,0,0,0,0,0;
62,130,212;0,0,1,0,0,0,0,0;
238,176,215;0,0,0,1,0,0,0,0;
219,137,182;0,0,0,1,0,0,0,0;
226,148,191;0,0,0,1,0,0,0,0;
72,146,106;0,1,0,0,0,0,0,0;
140,180,235;0,0,1,0,0,0,0,0;
240,81,104;1,0,0,0,0,0,0,0;
82,132,209;0,0,1,0,0,0,0,0;
245,153,175;1,0,0,0,0,0,0,0;
68,132,95;0,1,0,0,0,0,0,0;
80,254,248;0,0,0,0,1,0,0,0;
77,140,106;0,1,0,0,0,0,0,0;
242,186,223;0,0,0,1,0,0,0,0;
94,154,127;0,1,0,0,0,0,0,0;
80,106,154;0,0,1,0,0,0,0,0;
221,139,186;0,0,0,1,0,0,0,0;
231,156,198;0,0,0,1,0,0,0,0;
81,138,221;0,0,1,0,0,0,0,0;
247,156,183;1,0,0,0,0,0,0,0;
76,143,108;0,1,0,0,0,0,0,0;
247,175,202;1,0,0,0,0,0,0,0;
74,138,104;0,1,0,0,0,0,0,0;
63,143,97;0,1,0,0,0,0,0,0;
70,130,218;0,0,1,0,0,0,0,0;
81,132,213;0,0,1,0,0,0,0,0;
247,162,187;1,0,0,0,0,0,0,0;
246,152,180;1,0,0,0,0,0,0,0;
50,114,73;0,1,0,0,0,0,0,0;
64,130,90;0,1,0,0,0,0,0,0;
64,114,203;0,0,1,0,0,0,0,0;
69,134,95;0,1,0,0,0,0,0,0;
218,135,180;0,0,0,1,0,0,0,0;
72,140,103;0,1,0,0,0,0,0,0;
247,159,187;1,0,0,0,0,0,0,0;
221,140,186;0,0,0,1,0,0,0,0;
71,134,99;0,1,0,0,0,0,0,0;
78,130,211;0,0,1,0,0,0,0,0;
242,196,231;0,0,0,1,0,0,0,0;
93,255,248;0,0,0,0,1,0,0,0;
69,246,248;0,0,0,0,1,0,0,0;
243,185,224;0,0,0,1,0,0,0,0;
245,112,139;1,0,0,0,0,0,0,0;
83,149,116;0,1,0,0,0,0,0,0;
71,146,106;0,1,0,0,0,0,0,0;
194,127,163;0,0,0,1,0,0,0,0;
229,151,194;0,0,0,1,0,0,0,0;
247,176,198;1,0,0,0,0,0,0,0;
76,148,110;0,1,0,0,0,0,0,0;
172,43,53;1,0,0,0,0,0,0,0;
241,188,226;0,0,0,1,0,0,0,0;
124,255,248;0,0,0,0,1,0,0,0;
246,137,162;1,0,0,0,0,0,0,0;
245,148,172;1,0,0,0,0,0,0,0;
247,160,183;1,0,0,0,0,0,0,0;
244,138,164;1,0,0,0,0,0,0,0;
60,123,84;0,1,0,0,0,0,0,0;
77,148,111;0,1,0,0,0,0,0,0;
246,166,190;1,0,0,0,0,0,0,0;
90,134,203;0,0,1,0,0,0,0,0;
237,176,211;0,0,0,1,0,0,0,0;
78,126,200;0,0,1,0,0,0,0,0;
76,144,110;0,1,0,0,0,0,0,0;
40,71,147;0,0,1,0,0,0,0,0;
106,153,226;0,0,1,0,0,0,0,0;
228,147,193;0,0,0,1,0,0,0,0;
80,150,114;0,1,0,0,0,0,0,0;
242,184,222;0,0,0,1,0,0,0,0;
241,192,223;0,0,0,1,0,0,0,0;
235,176,211;0,0,0,1,0,0,0,0;
40,65,138;0,0,1,0,0,0,0,0;
247,164,189;1,0,0,0,0,0,0,0;
70,126,216;0,0,1,0,0,0,0,0;
60,130,89;0,1,0,0,0,0,0,0;
71,126,210;0,0,1,0,0,0,0,0;
64,136,95;0,1,0,0,0,0,0,0;
208,120,167;0,0,0,1,0,0,0,0;
247,160,188;1,0,0,0,0,0,0,0;
244,106,131;1,0,0,0,0,0,0,0;
226,101,119;1,0,0,0,0,0,0,0;
117,176,157;0,1,0,0,0,0,0,0;
87,136,215;0,0,1,0,0,0,0,0;
77,128,206;0,0,1,0,0,0,0,0;
69,252,248;0,0,0,0,1,0,0,0;
68,135,97;0,1,0,0,0,0,0,0;
73,143,105;0,1,0,0,0,0,0,0;
241,177,218;0,0,0,1,0,0,0,0;
238,176,214;0,0,0,1,0,0,0,0;
100,144,120;0,1,0,0,0,0,0,0;
81,126,199;0,0,1,0,0,0,0,0;
75,130,216;0,0,1,0,0,0,0,0;
57,110,198;0,0,1,0,0,0,0,0;
241,115,139;1,0,0,0,0,0,0,0;
70,128,99;0,1,0,0,0,0,0,0;
240,187,224;0,0,0,1,0,0,0,0;
67,139,101;0,1,0,0,0,0,0,0;
82,149,118;0,1,0,0,0,0,0,0;
79,129,213;0,0,1,0,0,0,0,0;
74,144,107;0,1,0,0,0,0,0,0;
247,170,196;1,0,0,0,0,0,0,0;
102,141,199;0,0,1,0,0,0,0,0;
63,115,205;0,0,1,0,0,0,0,0;
60,102,179;0,0,1,0,0,0,0,0;
80,130,207;0,0,1,0,0,0,0,0;
232,154,199;0,0,0,1,0,0,0,0;
87,135,210;0,0,1,0,0,0,0,0;
202,117,164;0,0,0,1,0,0,0,0;
247,160,185;1,0,0,0,0,0,0,0;
71,107,175;0,0,1,0,0,0,0,0;
237,166,207;0,0,0,1,0,0,0,0;
109,150,208;0,0,1,0,0,0,0,0;
247,179,204;1,0,0,0,0,0,0,0;
73,126,213;0,0,1,0,0,0,0,0;
88,138,216;0,0,1,0,0,0,0,0;
69,139,101;0,1,0,0,0,0,0,0;
246,126,154;1,0,0,0,0,0,0,0;
79,145,113;0,1,0,0,0,0,0,0;
241,186,224;0,0,0,1,0,0,0,0;
47,94,182;0,0,1,0,0,0,0,0;
247,180,206;1,0,0,0,0,0,0,0;
246,123,147;1,0,0,0,0,0,0,0;
234,172,211;0,0,0,1,0,0,0,0;
242,187,225;0,0,0,1,0,0,0,0;
68,122,210;0,0,1,0,0,0,0,0;
69,138,100;0,1,0,0,0,0,0,0;
84,136,215;0,0,1,0,0,0,0,0;
60,131,89;0,1,0,0,0,0,0,0;
74,130,214;0,0,1,0,0,0,0,0;
60,144,100;0,1,0,0,0,0,0,0;
76,121,196;0,0,1,0,0,0,0,0;
243,189,225;0,0,0,1,0,0,0,0;
72,141,103;0,1,0,0,0,0,0,0;
62,131,90;0,1,0,0,0,0,0,0;
69,139,105;0,1,0,0,0,0,0,0;
77,132,217;0,0,1,0,0,0,0,0;
76,129,215;0,0,1,0,0,0,0,0;
230,153,198;0,0,0,1,0,0,0,0;
244,128,155;1,0,0,0,0,0,0,0;
82,149,114;0,1,0,0,0,0,0,0;
244,95,120;1,0,0,0,0,0,0,0;
76,147,112;0,1,0,0,0,0,0,0;
67,128,94;0,1,0,0,0,0,0,0;
73,130,218;0,0,1,0,0,0,0,0;
69,138,101;0,1,0,0,0,0,0,0;
63,128,211;0,0,1,0,0,0,0,0;
40,63,131;0,0,1,0,0,0,0,0;
73,141,107;0,1,0,0,0,0,0,0;
205,117,165;0,0,0,1,0,0,0,0;
131,255,248;0,0,0,0,1,0,0,0;
231,180,215;0,0,0,1,0,0,0,0;
63,135,93;0,1,0,0,0,0,0,0;
202,119,164;0,0,0,1,0,0,0,0;
65,129,92;0,1,0,0,0,0,0,0;
96,149,227;0,0,1,0,0,0,0,0;
74,148,108;0,1,0,0,0,0,0,0;
68,143,102;0,1,0,0,0,0,0,0;
78,121,190;0,0,1,0,0,0,0,0;
71,148,107;0,1,0,0,0,0,0,0;
241,186,223;0,0,0,1,0,0,0,0;
75,127,208;0,0,1,0,0,0,0,0;
238,184,216;0,0,0,1,0,0,0,0;
247,153,179;1,0,0,0,0,0,0,0;
247,178,203;1,0,0,0,0,0,0,0;
241,93,114;1,0,0,0,0,0,0,0;
123,255,248;0,0,0,0,1,0,0,0;
69,118,199;0,0,1,0,0,0,0,0;
197,113,158;0,0,0,1,0,0,0,0;
243,197,230;0,0,0,1,0,0,0,0;
138,255,248;0,0,0,0,1,0,0,0;
58,130,85;0,1,0,0,0,0,0,0;
92,137,203;0,0,1,0,0,0,0,0;
76,148,113;0,1,0,0,0,0,0,0;
55,120,80;0,1,0,0,0,0,0,0;
217,136,179;0,0,0,1,0,0,0,0;
210,121,169;0,0,0,1,0,0,0,0;
67,133,94;0,1,0,0,0,0,0,0;
247,170,194;1,0,0,0,0,0,0,0;
52,129,81;0,1,0,0,0,0,0,0;
85,132,205;0,0,1,0,0,0,0,0;
79,128,209;0,0,1,0,0,0,0,0;
221,145,187;0,0,0,1,0,0,0,0;
219,141,188;0,0,0,1,0,0,0,0;
97,149,227;0,0,1,0,0,0,0,0;
84,149,119;0,1,0,0,0,0,0,0;
237,200,225;0,0,0,1,0,0,0,0;
61,137,92;0,1,0,0,0,0,0,0;
82,147,114;0,1,0,0,0,0,0,0;
63,130,214;0,0,1,0,0,0,0,0;
220,147,188;0,0,0,1,0,0,0,0;
237,174,214;0,0,0,1,0,0,0,0;
94,137,203;0,0,1,0,0,0,0,0;
62,119,210;0,0,1,0,0,0,0,0;
74,144,109;0,1,0,0,0,0,0,0;
70,146,104;0,1,0,0,0,0,0,0;
83,149,117;0,1,0,0,0,0,0,0;
68,127,92;0,1,0,0,0,0,0,0;
69,139,102;0,1,0,0,0,0,0,0;
247,135,163;1,0,0,0,0,0,0,0;
76,131,210;0,0,1,0,0,0,0,0;
234,158,203;0,0,0,1,0,0,0,0;
192,121,162;0,0,0,1,0,0,0,0;
242,120,144;1,0,0,0,0,0,0,0;
65,133,92;0,1,0,0,0,0,0,0;
63,112,199;0,0,1,0,0,0,0,0;
238,170,214;0,0,0,1,0,0,0,0;
87,138,215;0,0,1,0,0,0,0,0;
79,128,204;0,0,1,0,0,0,0,0;
247,156,181;1,0,0,0,0,0,0,0;
69,131,97;0,1,0,0,0,0,0,0;
57,128,87;0,1,0,0,0,0,0,0;
89,136,212;0,0,1,0,0,0,0,0;
247,161,186;1,0,0,0,0,0,0,0;
63,245,248;0,0,0,0,1,0,0,0;
79,148,115;0,1,0,0,0,0,0,0;
75,116,191;0,0,1,0,0,0,0,0;
82,150,118;0,1,0,0,0,0,0,0;
70,139,102;0,1,0,0,0,0,0,0;
77,132,103;0,1,0,0,0,0,0,0;
69,119,197;0,0,1,0,0,0,0,0;
239,87,110;1,0,0,0,0,0,0,0;
203,121,166;0,0,0,1,0,0,0,0;
61,112,200;0,0,1,0,0,0,0,0;
91,255,248;0,0,0,0,1,0,0,0;
242,184,223;0,0,0,1,0,0,0,0;
176,45,57;1,0,0,0,0,0,0,0;
210,128,174;0,0,0,1,0,0,0,0;
224,63,81;1,0,0,0,0,0,0,0;
228,149,192;0,0,0,1,0,0,0,0;
63,146,102;0,1,0,0,0,0,0,0;
247,176,204;1,0,0,0,0,0,0,0;
74,141,106;0,1,0,0,0,0,0,0;
247,153,176;1,0,0,0,0,0,0,0;
54,128,84;0,1,0,0,0,0,0,0;
77,119,192;0,0,1,0,0,0,0,0;
247,157,183;1,0,0,0,0,0,0,0;
76,138,107;0,1,0,0,0,0,0,0;
83,135,213;0,0,1,0,0,0,0,0;
194,110,154;0,0,0,1,0,0,0,0;
213,129,175;0,0,0,1,0,0,0,0;
213,144,181;0,0,0,1,0,0,0,0;
63,114,85;0,1,0,0,0,0,0,0;
247,171,195;1,0,0,0,0,0,0,0;
239,171,213;0,0,0,1,0,0,0,0;
70,116,195;0,0,1,0,0,0,0,0;
64,118,85;0,1,0,0,0,0,0,0;
206,126,174;0,0,0,1,0,0,0,0;
81,148,114;0,1,0,0,0,0,0,0;
225,151,195;0,0,0,1,0,0,0,0;
238,171,211;0,0,0,1,0,0,0,0;
196,111,156;0,0,0,1,0,0,0,0;
192,61,76;1,0,0,0,0,0,0,0;
208,122,168;0,0,0,1,0,0,0,0;
83,144,117;0,1,0,0,0,0,0,0;
245,145,171;1,0,0,0,0,0,0,0;
69,115,194;0,0,1,0,0,0,0,0;
77,141,109;0,1,0,0,0,0,0,0;
237,173,213;0,0,0,1,0,0,0,0;
198,111,156;0,0,0,1,0,0,0,0;
61,105,78;0,1,0,0,0,0,0,0;
68,116,85;0,1,0,0,0,0,0,0;
243,193,229;0,0,0,1,0,0,0,0;
61,248,248;0,0,0,0,1,0,0,0;
124,168,234;0,0,1,0,0,0,0,0;
99,145,216;0,0,1,0,0,0,0,0;
62,140,94;0,1,0,0,0,0,0,0;
99,139,205;0,0,1,0,0,0,0,0;
91,139,217;0,0,1,0,0,0,0,0;
230,151,196;0,0,0,1,0,0,0,0;
66,122,88;0,1,0,0,0,0,0,0;
79,123,199;0,0,1,0,0,0,0,0;
240,89,111;1,0,0,0,0,0,0,0;
241,175,216;0,0,0,1,0,0,0,0;
56,232,247;0,0,0,0,1,0,0,0;
84,135,210;0,0,1,0,0,0,0,0;
236,167,210;0,0,0,1,0,0,0,0;
236,164,207;0,0,0,1,0,0,0,0;
68,133,95;0,1,0,0,0,0,0,0;
81,140,110;0,1,0,0,0,0,0,0;
240,184,221;0,0,0,1,0,0,0,0;
81,133,215;0,0,1,0,0,0,0,0;
64,141,96;0,1,0,0,0,0,0,0;
246,147,169;1,0,0,0,0,0,0,0;
81,138,109;0,1,0,0,0,0,0,0;
58,236,247;0,0,0,0,1,0,0,0;
237,168,208;0,0,0,1,0,0,0,0;
247,155,177;1,0,0,0,0,0,0,0;
247,155,181;1,0,0,0,0,0,0,0;
43,103,63;0,1,0,0,0,0,0,0;
82,134,214;0,0,1,0,0,0,0,0;
86,138,216;0,0,1,0,0,0,0,0;
239,176,218;0,0,0,1,0,0,0,0;
92,149,122;0,1,0,0,0,0,0,0;
70,133,96;0,1,0,0,0,0,0,0;
71,122,200;0,0,1,0,0,0,0,0;
174,108,144;0,0,0,1,0,0,0,0;
247,141,165;1,0,0,0,0,0,0,0;
53,122,78;0,1,0,0,0,0,0,0;
231,151,197;0,0,0,1,0,0,0,0;
246,148,170;1,0,0,0,0,0,0,0;
234,159,203;0,0,0,1,0,0,0,0;
127,255,248;0,0,0,0,1,0,0,0;
88,138,219;0,0,1,0,0,0,0,0;
75,130,217;0,0,1,0,0,0,0,0;
244,195,230;0,0,0,1,0,0,0,0;
66,144,103;0,1,0,0,0,0,0,0;
85,137,217;0,0,1,0,0,0,0,0;
213,129,176;0,0,0,1,0,0,0,0;
65,120,86;0,1,0,0,0,0,0,0;
191,112,159;0,0,0,1,0,0,0,0;
54,118,80;0,1,0,0,0,0,0,0;
43,109,66;0,1,0,0,0,0,0,0;
241,183,223;0,0,0,1,0,0,0,0;
57,89,145;0,0,1,0,0,0,0,0;
75,136,102;0,1,0,0,0,0,0,0;
237,175,216;0,0,0,1,0,0,0,0;
79,136,221;0,0,1,0,0,0,0,0;
82,147,118;0,1,0,0,0,0,0,0;
72,147,112;0,1,0,0,0,0,0,0;
63,140,95;0,1,0,0,0,0,0,0;
80,129,204;0,0,1,0,0,0,0,0;
210,126,175;0,0,0,1,0,0,0,0;
239,173,213;0,0,0,1,0,0,0,0;
196,114,161;0,0,0,1,0,0,0,0;
240,183,220;0,0,0,1,0,0,0,0;
65,120,209;0,0,1,0,0,0,0,0;
212,128,173;0,0,0,1,0,0,0,0;
246,159,182;1,0,0,0,0,0,0,0;
75,131,219;0,0,1,0,0,0,0,0;
64,131,215;0,0,1,0,0,0,0,0;
247,151,173;1,0,0,0,0,0,0,0;
80,124,197;0,0,1,0,0,0,0,0;
247,145,172;1,0,0,0,0,0,0,0;
133,255,248;0,0,0,0,1,0,0,0;
85,134,205;0,0,1,0,0,0,0,0;
77,130,211;0,0,1,0,0,0,0,0;
82,131,210;0,0,1,0,0,0,0,0;
241,178,218;0,0,0,1,0,0,0,0;
80,124,199;0,0,1,0,0,0,0,0;
94,140,213;0,0,1,0,0,0,0,0;
247,180,205;1,0,0,0,0,0,0,0;
231,156,199;0,0,0,1,0,0,0,0;
247,184,208;1,0,0,0,0,0,0,0;
56,108,192;0,0,1,0,0,0,0,0;
75,145,110;0,1,0,0,0,0,0,0;
207,120,167;0,0,0,1,0,0,0,0;
78,125,200;0,0,1,0,0,0,0,0;
77,143,110;0,1,0,0,0,0,0,0;
239,183,218;0,0,0,1,0,0,0,0;
77,128,209;0,0,1,0,0,0,0,0;
72,126,209;0,0,1,0,0,0,0,0;
78,137,105;0,1,0,0,0,0,0,0;
220,146,187;0,0,0,1,0,0,0,0;
247,164,191;1,0,0,0,0,0,0,0;
240,186,224;0,0,0,1,0,0,0,0;
218,133,181;0,0,0,1,0,0,0,0;
68,121,208;0,0,1,0,0,0,0,0;
247,138,165;1,0,0,0,0,0,0,0;
125,170,232;0,0,1,0,0,0,0,0;
247,164,188;1,0,0,0,0,0,0,0;
241,193,224;0,0,0,1,0,0,0,0;
62,130,213;0,0,1,0,0,0,0,0;
64,142,98;0,1,0,0,0,0,0,0;
82,144,114;0,1,0,0,0,0,0,0;
79,120,189;0,0,1,0,0,0,0,0;
247,160,187;1,0,0,0,0,0,0,0;
229,149,196;0,0,0,1,0,0,0,0;
125,255,248;0,0,0,0,1,0,0,0;
246,138,165;1,0,0,0,0,0,0,0;
247,153,181;1,0,0,0,0,0,0,0;
85,137,216;0,0,1,0,0,0,0,0;
76,146,109;0,1,0,0,0,0,0,0;
65,126,92;0,1,0,0,0,0,0,0;
81,145,114;0,1,0,0,0,0,0,0;
241,190,226;0,0,0,1,0,0,0,0;
65,145,100;0,1,0,0,0,0,0,0;
70,142,105;0,1,0,0,0,0,0,0;
234,157,201;0,0,0,1,0,0,0,0;
75,122,199;0,0,1,0,0,0,0,0;
195,109,153;0,0,0,1,0,0,0,0;
220,150,185;1,0,0,0,0,0,0,0;
247,174,198;1,0,0,0,0,0,0,0;
80,144,112;0,1,0,0,0,0,0,0;
247,181,207;1,0,0,0,0,0,0,0;
177,103,143;0,0,0,1,0,0,0,0;
219,149,189;0,0,0,1,0,0,0,0;
86,127,196;0,0,1,0,0,0,0,0;
158,184,173;0,1,0,0,0,0,0,0;
243,188,225;0,0,0,1,0,0,0,0;
170,200,238;0,0,1,0,0,0,0,0;
71,127,214;0,0,1,0,0,0,0,0;
207,123,172;0,0,0,1,0,0,0,0;
161,255,248;0,0,0,0,1,0,0,0;
68,123,213;0,0,1,0,0,0,0,0;
72,127,212;0,0,1,0,0,0,0,0;
245,203,235;0,0,0,1,0,0,0,0;
241,180,220;0,0,0,1,0,0,0,0;
63,137,95;0,1,0,0,0,0,0,0;
102,145,211;0,0,1,0,0,0,0,0;
247,172,196;1,0,0,0,0,0,0,0;
247,161,188;1,0,0,0,0,0,0,0;
80,135,219;0,0,1,0,0,0,0,0;
225,147,190;0,0,0,1,0,0,0,0;
153,255,248;0,0,0,0,1,0,0,0;
61,135,91;0,1,0,0,0,0,0,0;
116,255,248;0,0,0,0,1,0,0,0;
212,130,172;0,0,0,1,0,0,0,0;
82,149,115;0,1,0,0,0,0,0,0;
77,135,222;0,0,1,0,0,0,0,0;
217,128,177;0,0,0,1,0,0,0,0;
247,141,169;1,0,0,0,0,0,0,0;
78,146,111;0,1,0,0,0,0,0,0;
161,95,131;0,0,0,1,0,0,0,0;
247,176,203;1,0,0,0,0,0,0,0;
68,96,149;0,0,1,0,0,0,0,0;
70,136,100;0,1,0,0,0,0,0,0;
215,133,177;0,0,0,1,0,0,0,0;
228,149,194;0,0,0,1,0,0,0,0;
247,178,201;1,0,0,0,0,0,0,0;
242,188,223;0,0,0,1,0,0,0,0;
81,133,216;0,0,1,0,0,0,0,0;
206,135,171;0,0,0,1,0,0,0,0;
216,134,178;0,0,0,1,0,0,0,0;
220,135,181;0,0,0,1,0,0,0,0;
246,130,157;1,0,0,0,0,0,0,0;
205,119,167;0,0,0,1,0,0,0,0;
62,127,88;0,1,0,0,0,0,0,0;
120,156,206;0,0,1,0,0,0,0,0;
81,143,111;0,1,0,0,0,0,0,0;
69,132,99;0,1,0,0,0,0,0,0;
82,143,112;0,1,0,0,0,0,0,0;
80,126,199;0,0,1,0,0,0,0,0;
82,124,197;0,0,1,0,0,0,0,0;
230,160,200;0,0,0,1,0,0,0,0;
57,94,164;0,0,1,0,0,0,0,0;
145,255,248;0,0,0,0,1,0,0,0;
68,131,98;0,1,0,0,0,0,0,0;
230,154,198;0,0,0,1,0,0,0,0;
233,168,205;0,0,0,1,0,0,0,0;
65,137,96;0,1,0,0,0,0,0,0;
246,151,177;1,0,0,0,0,0,0,0;
80,129,206;0,0,1,0,0,0,0,0;
239,179,219;0,0,0,1,0,0,0,0;
73,146,109;0,1,0,0,0,0,0,0;
82,145,115;0,1,0,0,0,0,0,0;
56,84,67;0,1,0,0,0,0,0,0;
74,142,107;0,1,0,0,0,0,0,0;
125,162,215;0,0,1,0,0,0,0,0;
76,139,104;0,1,0,0,0,0,0,0;
67,135,98;0,1,0,0,0,0,0,0;
82,134,216;0,0,1,0,0,0,0,0;
219,135,181;0,0,0,1,0,0,0,0;
197,70,85;1,0,0,0,0,0,0,0;
83,148,117;0,1,0,0,0,0,0,0;
79,138,109;0,1,0,0,0,0,0,0;
228,145,191;0,0,0,1,0,0,0,0;
247,182,208;1,0,0,0,0,0,0,0;
67,96,160;0,0,1,0,0,0,0,0;
54,104,196;0,0,1,0,0,0,0,0;
68,117,195;0,0,1,0,0,0,0,0;
80,132,212;0,0,1,0,0,0,0,0;
247,157,181;1,0,0,0,0,0,0,0;
67,136,96;0,1,0,0,0,0,0,0;
80,141,110;0,1,0,0,0,0,0,0;
80,149,115;0,1,0,0,0,0,0,0;
49,118,75;0,1,0,0,0,0,0,0;
61,134,94;0,1,0,0,0,0,0,0;
94,143,215;0,0,1,0,0,0,0,0;
84,133,211;0,0,1,0,0,0,0,0;
240,95,116;1,0,0,0,0,0,0,0;
82,134,212;0,0,1,0,0,0,0,0;
75,135,104;0,1,0,0,0,0,0,0;
225,160,202;0,0,0,1,0,0,0,0;
69,127,215;0,0,1,0,0,0,0,0;
202,78,91;1,0,0,0,0,0,0,0;
60,113,198;0,0,1,0,0,0,0,0;
74,253,248;0,0,0,0,1,0,0,0;
192,74,87;1,0,0,0,0,0,0,0;
241,194,226;0,0,0,1,0,0,0,0;
230,165,202;0,0,0,1,0,0,0,0;
87,135,207;0,0,1,0,0,0,0,0;
69,114,88;0,1,0,0,0,0,0,0;
242,199,232;0,0,0,1,0,0,0,0;
191,69,80;1,0,0,0,0,0,0,0;
41,76,155;0,0,1,0,0,0,0,0;
57,130,87;0,1,0,0,0,0,0,0;
238,175,211;0,0,0,1,0,0,0,0;
247,155,182;1,0,0,0,0,0,0,0;
245,110,138;1,0,0,0,0,0,0,0;
233,182,216;0,0,0,1,0,0,0,0;
238,176,212;0,0,0,1,0,0,0,0;
68,139,97;0,1,0,0,0,0,0,0;
82,132,211;0,0,1,0,0,0,0,0;
77,137,105;0,1,0,0,0,0,0,0;
80,133,213;0,0,1,0,0,0,0,0;
71,117,194;0,0,1,0,0,0,0,0;
247,164,187;1,0,0,0,0,0,0,0;
59,133,89;0,1,0,0,0,0,0,0;
154,86,119;0,0,0,1,0,0,0,0;
73,116,189;0,0,1,0,0,0,0,0;
238,169,209;0,0,0,1,0,0,0,0;
245,171,193;1,0,0,0,0,0,0,0;
72,124,207;0,0,1,0,0,0,0,0;
213,59,75;1,0,0,0,0,0,0,0;
247,176,202;1,0,0,0,0,0,0,0;
53,90,151;0,0,1,0,0,0,0,0;
245,134,160;1,0,0,0,0,0,0,0;
69,142,104;0,1,0,0,0,0,0,0;
247,130,156;1,0,0,0,0,0,0,0;
247,157,182;1,0,0,0,0,0,0,0;
247,180,201;1,0,0,0,0,0,0,0;
238,172,212;0,0,0,1,0,0,0,0;
247,172,199;1,0,0,0,0,0,0,0;
77,128,208;0,0,1,0,0,0,0,0;
84,136,217;0,0,1,0,0,0,0,0;
247,159,183;1,0,0,0,0,0,0,0;
77,143,111;0,1,0,0,0,0,0,0;
78,106,155;0,0,1,0,0,0,0,0;
53,102,184;0,0,1,0,0,0,0,0;
81,133,214;0,0,1,0,0,0,0,0;
55,118,81;0,1,0,0,0,0,0,0;
238,180,220;0,0,0,1,0,0,0,0;
51,101,190;0,0,1,0,0,0,0,0;
74,145,107;0,1,0,0,0,0,0,0;
247,175,200;1,0,0,0,0,0,0,0;
66,142,98;0,1,0,0,0,0,0,0;
195,111,157;0,0,0,1,0,0,0,0;
139,255,248;0,0,0,0,1,0,0,0;
76,145,108;0,1,0,0,0,0,0,0;
247,147,175;1,0,0,0,0,0,0,0;
92,255,248;0,0,0,0,1,0,0,0;
247,165,189;1,0,0,0,0,0,0,0;
243,196,231;0,0,0,1,0,0,0,0;
244,115,141;1,0,0,0,0,0,0,0;
190,106,149;0,0,0,1,0,0,0,0;
78,253,248;0,0,0,0,1,0,0,0;
205,116,163;0,0,0,1,0,0,0,0;
69,134,96;0,1,0,0,0,0,0,0;
91,140,215;0,0,1,0,0,0,0,0;
60,134,93;0,1,0,0,0,0,0,0;
240,93,116;1,0,0,0,0,0,0,0;
205,118,163;0,0,0,1,0,0,0,0;
202,115,162;0,0,0,1,0,0,0,0;
224,146,189;0,0,0,1,0,0,0,0;
86,145,117;0,1,0,0,0,0,0,0;
78,141,110;0,1,0,0,0,0,0,0;
242,110,135;1,0,0,0,0,0,0,0;
72,143,106;0,1,0,0,0,0,0,0;
229,153,199;0,0,0,1,0,0,0,0;
106,255,248;0,0,0,0,1,0,0,0;
77,130,215;0,0,1,0,0,0,0,0;
178,107,146;0,0,0,1,0,0,0,0;
66,142,101;0,1,0,0,0,0,0,0;
67,115,85;0,1,0,0,0,0,0,0;
64,110,82;0,1,0,0,0,0,0,0;
165,198,240;0,0,1,0,0,0,0,0;
80,131,211;0,0,1,0,0,0,0,0;
102,153,228;0,0,1,0,0,0,0,0;
122,255,248;0,0,0,0,1,0,0,0;
198,117,160;0,0,0,1,0,0,0,0;
246,135,161;1,0,0,0,0,0,0,0;
247,158,185;1,0,0,0,0,0,0,0;
92,136,209;0,0,1,0,0,0,0,0;
247,158,183;1,0,0,0,0,0,0,0;
246,135,160;1,0,0,0,0,0,0,0;
84,148,119;0,1,0,0,0,0,0,0;
73,128,95;0,1,0,0,0,0,0,0;
73,145,106;0,1,0,0,0,0,0,0;
97,255,248;0,0,0,0,1,0,0,0;
247,146,173;1,0,0,0,0,0,0,0;
85,134,212;0,0,1,0,0,0,0,0;
74,114,186;0,0,1,0,0,0,0,0;
247,149,177;1,0,0,0,0,0,0,0;
239,174,216;0,0,0,1,0,0,0,0;
80,148,116;0,1,0,0,0,0,0,0;
200,116,161;0,0,0,1,0,0,0,0;
74,139,104;0,1,0,0,0,0,0,0;
242,186,224;0,0,0,1,0,0,0,0;
85,253,248;0,0,0,0,1,0,0,0;
74,128,98;0,1,0,0,0,0,0,0;
219,143,189;0,0,0,1,0,0,0,0;
209,127,175;0,0,0,1,0,0,0,0;
110,151,210;0,0,1,0,0,0,0,0;
247,173,198;1,0,0,0,0,0,0,0;
84,134,213;0,0,1,0,0,0,0,0;
67,127,92;0,1,0,0,0,0,0,0;
82,148,117;0,1,0,0,0,0,0,0;
247,170,192;1,0,0,0,0,0,0,0;
64,125,90;0,1,0,0,0,0,0,0;
71,142,105;0,1,0,0,0,0,0,0;
81,136,215;0,0,1,0,0,0,0,0;
74,140,105;0,1,0,0,0,0,0,0;
203,119,164;0,0,0,1,0,0,0,0;
78,130,214;0,0,1,0,0,0,0,0;
81,130,202;0,0,1,0,0,0,0,0;
70,141,104;0,1,0,0,0,0,0,0;
246,184,209;1,0,0,0,0,0,0,0;
247,174,197;1,0,0,0,0,0,0,0;
75,131,217;0,0,1,0,0,0,0,0;
143,255,248;0,0,0,0,1,0,0,0;
85,125,193;0,0,1,0,0,0,0,0;
82,136,219;0,0,1,0,0,0,0,0;
241,179,220;0,0,0,1,0,0,0,0;
247,178,204;1,0,0,0,0,0,0,0;
68,110,190;0,0,1,0,0,0,0,0;
80,131,215;0,0,1,0,0,0,0,0;
68,122,206;0,0,1,0,0,0,0,0;
242,190,225;0,0,0,1,0,0,0,0;
73,129,213;0,0,1,0,0,0,0,0;
66,143,100;0,1,0,0,0,0,0,0;
247,164,190;1,0,0,0,0,0,0,0;
239,182,223;0,0,0,1,0,0,0,0;
166,199,239;0,0,1,0,0,0,0,0;
79,132,215;0,0,1,0,0,0,0,0;
68,145,105;0,1,0,0,0,0,0,0;
247,138,166;1,0,0,0,0,0,0,0;
70,125,213;0,0,1,0,0,0,0,0;
75,130,213;0,0,1,0,0,0,0,0;
78,147,111;0,1,0,0,0,0,0,0;
244,106,132;1,0,0,0,0,0,0,0;
67,115,88;0,1,0,0,0,0,0,0;
219,140,183;0,0,0,1,0,0,0,0;
72,143,105;0,1,0,0,0,0,0,0;
203,119,165;0,0,0,1,0,0,0,0;
238,164,208;0,0,0,1,0,0,0,0;
67,117,88;0,1,0,0,0,0,0,0;
81,147,114;0,1,0,0,0,0,0,0;
239,179,218;0,0,0,1,0,0,0,0;
72,132,100;0,1,0,0,0,0,0,0;
215,129,175;0,0,0,1,0,0,0,0;
83,132,211;0,0,1,0,0,0,0,0;
91,152,124;0,1,0,0,0,0,0,0;
77,127,205;0,0,1,0,0,0,0,0;
207,122,167;0,0,0,1,0,0,0,0;
247,127,154;1,0,0,0,0,0,0,0;
82,133,213;0,0,1,0,0,0,0,0;
101,143,207;0,0,1,0,0,0,0,0;
241,188,225;0,0,0,1,0,0,0,0;
236,169,207;0,0,0,1,0,0,0,0;
73,105,173;0,0,1,0,0,0,0,0;
247,167,192;1,0,0,0,0,0,0,0;
89,154,126;0,1,0,0,0,0,0,0;
243,136,161;1,0,0,0,0,0,0,0;
247,159,185;1,0,0,0,0,0,0,0;
247,158,184;1,0,0,0,0,0,0,0;
241,184,221;0,0,0,1,0,0,0,0;
80,145,111;0,1,0,0,0,0,0,0;
231,158,199;0,0,0,1,0,0,0,0;
247,151,174;1,0,0,0,0,0,0,0;
65,89,133;0,0,1,0,0,0,0,0;
86,137,216;0,0,1,0,0,0,0,0;
104,153,229;0,0,1,0,0,0,0,0;
227,148,193;0,0,0,1,0,0,0,0;
77,131,217;0,0,1,0,0,0,0,0;
83,135,217;0,0,1,0,0,0,0,0;
247,177,200;1,0,0,0,0,0,0,0;
53,106,197;0,0,1,0,0,0,0,0;
68,135,96;0,1,0,0,0,0,0,0;
247,151,177;1,0,0,0,0,0,0,0;
47,83,61;0,1,0,0,0,0,0,0;
242,198,231;0,0,0,1,0,0,0,0;
86,118,176;0,0,1,0,0,0,0,0;
247,134,164;1,0,0,0,0,0,0,0;
230,156,197;0,0,0,1,0,0,0,0;
89,254,248;0,0,0,0,1,0,0,0;
82,129,209;0,0,1,0,0,0,0,0;
232,154,200;0,0,0,1,0,0,0,0;
238,174,214;0,0,0,1,0,0,0,0;
77,130,210;0,0,1,0,0,0,0,0;
81,132,209;0,0,1,0,0,0,0,0;
220,138,183;0,0,0,1,0,0,0,0;
81,132,212;0,0,1,0,0,0,0,0;
76,126,208;0,0,1,0,0,0,0,0;
241,178,219;0,0,0,1,0,0,0,0;
80,149,116;0,1,0,0,0,0,0,0;
70,123,208;0,0,1,0,0,0,0,0;
234,163,203;0,0,0,1,0,0,0,0;
103,255,248;0,0,0,0,1,0,0,0;
107,144,202;0,0,1,0,0,0,0,0;
242,96,116;1,0,0,0,0,0,0,0;
76,122,97;0,1,0,0,0,0,0,0;
67,139,103;0,1,0,0,0,0,0,0;
70,132,97;0,1,0,0,0,0,0,0;
215,162,205;0,0,0,1,0,0,0,0;
77,144,109;0,1,0,0,0,0,0,0;
229,149,195;0,0,0,1,0,0,0,0;
247,180,207;1,0,0,0,0,0,0,0;
65,107,187;0,0,1,0,0,0,0,0;
235,169,213;0,0,0,1,0,0,0,0;
78,124,199;0,0,1,0,0,0,0,0;
241,185,221;0,0,0,1,0,0,0,0;
239,177,212;0,0,0,1,0,0,0,0;
75,127,205;0,0,1,0,0,0,0,0;
79,137,108;0,1,0,0,0,0,0,0;
247,139,163;1,0,0,0,0,0,0,0;
247,156,180;1,0,0,0,0,0,0,0;
70,117,194;0,0,1,0,0,0,0,0;
108,153,133;0,1,0,0,0,0,0,0;
114,255,248;0,0,0,0,1,0,0,0;
185,106,150;0,0,0,1,0,0,0,0;
243,192,228;0,0,0,1,0,0,0,0;
69,120,90;0,1,0,0,0,0,0,0;
120,255,248;0,0,0,0,1,0,0,0;
240,182,218;0,0,0,1,0,0,0,0;
246,151,172;1,0,0,0,0,0,0,0;
247,161,189;1,0,0,0,0,0,0,0;
238,168,210;0,0,0,1,0,0,0,0;
65,145,107;0,1,0,0,0,0,0,0;
243,189,226;0,0,0,1,0,0,0,0;
73,143,104;0,1,0,0,0,0,0,0;
246,137,164;1,0,0,0,0,0,0,0;
220,133,180;0,0,0,1,0,0,0,0;
189,67,78;1,0,0,0,0,0,0,0;
230,156,201;0,0,0,1,0,0,0,0;
86,138,220;0,0,1,0,0,0,0,0;
239,81,101;1,0,0,0,0,0,0,0;
60,125,87;0,1,0,0,0,0,0,0;
234,170,208;0,0,0,1,0,0,0,0;
78,127,205;0,0,1,0,0,0,0,0;
77,126,202;0,0,1,0,0,0,0,0;
206,117,164;0,0,0,1,0,0,0,0;
247,193,215;1,0,0,0,0,0,0,0;
236,163,206;0,0,0,1,0,0,0,0;
73,138,102;0,1,0,0,0,0,0,0;
244,120,146;1,0,0,0,0,0,0,0;
247,158,180;1,0,0,0,0,0,0,0;
75,130,215;0,0,1,0,0,0,0,0;
40,67,123;0,0,1,0,0,0,0,0;
41,66,139;0,0,1,0,0,0,0,0;
72,139,103;0,1,0,0,0,0,0,0;
62,131,214;0,0,1,0,0,0,0,0;
79,124,198;0,0,1,0,0,0,0,0;
240,178,218;0,0,0,1,0,0,0,0;
42,103,63;0,1,0,0,0,0,0,0;
235,157,202;0,0,0,1,0,0,0,0;
247,152,179;1,0,0,0,0,0,0,0;
81,145,115;0,1,0,0,0,0,0,0;
245,126,152;1,0,0,0,0,0,0,0;
91,139,219;0,0,1,0,0,0,0,0;
79,147,114;0,1,0,0,0,0,0,0;
80,128,204;0,0,1,0,0,0,0,0;
231,159,200;0,0,0,1,0,0,0,0;
67,132,94;0,1,0,0,0,0,0,0;
73,127,215;0,0,1,0,0,0,0,0;
226,144,191;0,0,0,1,0,0,0,0;
86,141,114;0,1,0,0,0,0,0,0;
75,144,107;0,1,0,0,0,0,0,0;
240,94,115;1,0,0,0,0,0,0,0;
71,122,204;0,0,1,0,0,0,0,0;
244,143,168;1,0,0,0,0,0,0,0;
87,134,205;0,0,1,0,0,0,0,0;
81,254,248;0,0,0,0,1,0,0,0;
71,247,248;0,0,0,0,1,0,0,0;
246,146,171;1,0,0,0,0,0,0,0;
78,122,197;0,0,1,0,0,0,0,0;
241,88,111;1,0,0,0,0,0,0,0;
246,142,168;1,0,0,0,0,0,0,0;
73,125,96;0,1,0,0,0,0,0,0;
76,110,177;0,0,1,0,0,0,0,0;
221,76,96;1,0,0,0,0,0,0,0;
213,129,174;0,0,0,1,0,0,0,0;
93,254,248;0,0,0,0,1,0,0,0;
73,128,210;0,0,1,0,0,0,0,0;
84,151,119;0,1,0,0,0,0,0,0;
73,129,214;0,0,1,0,0,0,0,0;
246,151,173;1,0,0,0,0,0,0,0;
246,131,159;1,0,0,0,0,0,0,0;
243,127,151;1,0,0,0,0,0,0,0;
88,141,116;0,1,0,0,0,0,0,0;
89,255,248;0,0,0,0,1,0,0,0;
64,140,96;0,1,0,0,0,0,0,0;
70,144,104;0,1,0,0,0,0,0,0;
80,131,213;0,0,1,0,0,0,0,0;
66,133,94;0,1,0,0,0,0,0,0;
71,134,101;0,1,0,0,0,0,0,0;
58,131,90;0,1,0,0,0,0,0,0;
69,141,103;0,1,0,0,0,0,0,0;
247,157,185;1,0,0,0,0,0,0,0;
87,153,123;0,1,0,0,0,0,0,0;
244,121,146;1,0,0,0,0,0,0,0;
68,120,209;0,0,1,0,0,0,0,0;
210,120,168;0,0,0,1,0,0,0,0;
83,134,217;0,0,1,0,0,0,0,0;
80,134,219;0,0,1,0,0,0,0,0;
92,134,198;0,0,1,0,0,0,0,0;
72,142,105;0,1,0,0,0,0,0,0;
62,106,181;0,0,1,0,0,0,0,0;
247,167,195;1,0,0,0,0,0,0,0;
50,120,76;0,1,0,0,0,0,0,0;
241,178,217;0,0,0,1,0,0,0,0;
246,162,187;1,0,0,0,0,0,0,0;
242,97,119;1,0,0,0,0,0,0,0;
65,110,83;0,1,0,0,0,0,0,0;
244,201,234;0,0,0,1,0,0,0,0;
247,171,194;1,0,0,0,0,0,0,0;
84,139,217;0,0,1,0,0,0,0,0;
64,134,94;0,1,0,0,0,0,0,0;
72,142,103;0,1,0,0,0,0,0,0;
77,148,112;0,1,0,0,0,0,0,0;
234,166,205;0,0,0,1,0,0,0,0;
96,146,222;0,0,1,0,0,0,0,0;
61,115,208;0,0,1,0,0,0,0,0;
246,155,179;1,0,0,0,0,0,0,0;
247,155,183;1,0,0,0,0,0,0,0;
71,135,100;0,1,0,0,0,0,0,0;
76,131,215;0,0,1,0,0,0,0,0;
218,133,178;0,0,0,1,0,0,0,0;
245,150,175;1,0,0,0,0,0,0,0;
78,123,198;0,0,1,0,0,0,0,0;
60,247,248;0,0,0,0,1,0,0,0;
71,251,248;0,0,0,0,1,0,0,0;
71,140,101;0,1,0,0,0,0,0,0;
57,83,134;0,0,1,0,0,0,0,0;
247,132,157;1,0,0,0,0,0,0,0;
41,72,150;0,0,1,0,0,0,0,0;
247,166,193;1,0,0,0,0,0,0,0;
238,173,213;0,0,0,1,0,0,0,0;
110,255,248;0,0,0,0,1,0,0,0;
242,198,232;0,0,0,1,0,0,0,0;
239,183,223;0,0,0,1,0,0,0,0;
82,127,200;0,0,1,0,0,0,0,0;
220,148,188;0,0,0,1,0,0,0,0;
239,95,118;1,0,0,0,0,0,0,0;
244,153,176;1,0,0,0,0,0,0,0;
212,124,171;0,0,0,1,0,0,0,0;
235,160,203;0,0,0,1,0,0,0,0;
233,164,204;0,0,0,1,0,0,0,0;
211,128,174;0,0,0,1,0,0,0,0;
238,179,218;0,0,0,1,0,0,0,0;
64,116,86;0,1,0,0,0,0,0,0;
62,248,248;0,0,0,0,1,0,0,0;
191,113,160;0,0,0,1,0,0,0,0;
247,150,173;1,0,0,0,0,0,0,0;
83,129,200;0,0,1,0,0,0,0,0;
242,186,225;0,0,0,1,0,0,0,0;
247,165,190;1,0,0,0,0,0,0,0;
77,145,108;0,1,0,0,0,0,0,0;
231,155,198;0,0,0,1,0,0,0,0;
240,190,226;0,0,0,1,0,0,0,0;
235,166,206;0,0,0,1,0,0,0,0;
56,86,141;0,0,1,0,0,0,0,0;
65,130,94;0,1,0,0,0,0,0,0;
230,159,201;0,0,0,1,0,0,0,0;
216,133,179;0,0,0,1,0,0,0,0;
116,164,232;0,0,1,0,0,0,0,0;
67,134,96;0,1,0,0,0,0,0,0;
58,132,89;0,1,0,0,0,0,0,0;
80,141,111;0,1,0,0,0,0,0,0;
72,121,94;0,1,0,0,0,0,0,0;
247,154,181;1,0,0,0,0,0,0,0;
76,128,209;0,0,1,0,0,0,0,0;
66,125,91;0,1,0,0,0,0,0,0;
77,131,213;0,0,1,0,0,0,0,0;
62,125,87;0,1,0,0,0,0,0,0;
68,130,215;0,0,1,0,0,0,0,0;
247,174,200;1,0,0,0,0,0,0,0;
69,130,96;0,1,0,0,0,0,0,0;
73,126,208;0,0,1,0,0,0,0,0;
235,161,203;0,0,0,1,0,0,0,0;
74,122,197;0,0,1,0,0,0,0,0;
232,164,203;0,0,0,1,0,0,0,0;
82,129,206;0,0,1,0,0,0,0,0;
91,152,125;0,1,0,0,0,0,0,0;
247,146,170;1,0,0,0,0,0,0,0;
117,255,248;0,0,0,0,1,0,0,0;
81,149,113;0,1,0,0,0,0,0,0;
216,134,180;0,0,0,1,0,0,0,0;
87,254,248;0,0,0,0,1,0,0,0;
217,136,180;0,0,0,1,0,0,0,0;
212,127,171;0,0,0,1,0,0,0,0;
53,99,179;0,0,1,0,0,0,0,0;
75,132,219;0,0,1,0,0,0,0,0;
76,147,114;0,1,0,0,0,0,0,0;
244,141,165;1,0,0,0,0,0,0,0;
237,194,223;0,0,0,1,0,0,0,0;
58,125,83;0,1,0,0,0,0,0,0;
59,131,89;0,1,0,0,0,0,0,0;
244,127,151;1,0,0,0,0,0,0,0;
244,98,123;1,0,0,0,0,0,0,0;
230,66,86;1,0,0,0,0,0,0,0;
97,158,134;0,1,0,0,0,0,0,0;
70,119,201;0,0,1,0,0,0,0,0;
91,146,225;0,0,1,0,0,0,0,0;
236,171,211;0,0,0,1,0,0,0,0;
96,254,248;0,0,0,0,1,0,0,0;
75,146,110;0,1,0,0,0,0,0,0;
77,148,114;0,1,0,0,0,0,0,0;
244,151,174;1,0,0,0,0,0,0,0;
55,90,154;0,0,1,0,0,0,0,0;
96,143,216;0,0,1,0,0,0,0,0;
239,175,216;0,0,0,1,0,0,0,0;
238,172,213;0,0,0,1,0,0,0,0;
233,167,205;0,0,0,1,0,0,0,0;
81,135,218;0,0,1,0,0,0,0,0;
45,69,52;0,1,0,0,0,0,0,0;
77,133,218;0,0,1,0,0,0,0,0;
238,163,207;0,0,0,1,0,0,0,0;
207,118,166;0,0,0,1,0,0,0,0;
96,255,248;0,0,0,0,1,0,0,0;
243,198,231;0,0,0,1,0,0,0,0;
84,133,210;0,0,1,0,0,0,0,0;
82,135,218;0,0,1,0,0,0,0,0;
246,151,175;1,0,0,0,0,0,0,0;
83,150,120;0,1,0,0,0,0,0,0;
89,141,221;0,0,1,0,0,0,0,0;
78,146,110;0,1,0,0,0,0,0,0;
84,132,208;0,0,1,0,0,0,0,0;
74,119,197;0,0,1,0,0,0,0,0;
83,135,218;0,0,1,0,0,0,0,0;
247,147,174;1,0,0,0,0,0,0,0;
41,71,147;0,0,1,0,0,0,0,0;
222,146,188;0,0,0,1,0,0,0,0;
247,137,164;1,0,0,0,0,0,0,0;
241,92,112;1,0,0,0,0,0,0,0;
247,150,175;1,0,0,0,0,0,0,0;
60,117,83;0,1,0,0,0,0,0,0;
237,160,206;0,0,0,1,0,0,0,0;
57,237,247;0,0,0,0,1,0,0,0;
91,141,221;0,0,1,0,0,0,0,0;
215,132,177;0,0,0,1,0,0,0,0;
73,145,107;0,1,0,0,0,0,0,0;
185,70,84;1,0,0,0,0,0,0,0;
67,124,214;0,0,1,0,0,0,0,0;
247,165,191;1,0,0,0,0,0,0,0;
63,127,90;0,1,0,0,0,0,0,0;
78,147,113;0,1,0,0,0,0,0,0;
241,114,143;1,0,0,0,0,0,0,0;
203,122,166;0,0,0,1,0,0,0,0;
240,182,222;0,0,0,1,0,0,0,0;
66,140,99;0,1,0,0,0,0,0,0;
79,123,192;0,0,1,0,0,0,0,0;
241,182,222;0,0,0,1,0,0,0,0;
70,125,211;0,0,1,0,0,0,0,0;
79,148,116;0,1,0,0,0,0,0,0;
140,255,248;0,0,0,0,1,0,0,0;
73,142,107;0,1,0,0,0,0,0,0;
78,146,115;0,1,0,0,0,0,0,0;
77,136,222;0,0,1,0,0,0,0,0;
65,144,101;0,1,0,0,0,0,0,0;
37,94,56;0,1,0,0,0,0,0,0;
206,119,167;0,0,0,1,0,0,0,0;
66,134,97;0,1,0,0,0,0,0,0;
239,179,214;0,0,0,1,0,0,0,0;
68,124,214;0,0,1,0,0,0,0,0;
60,113,202;0,0,1,0,0,0,0,0;
244,155,178;1,0,0,0,0,0,0,0;
221,137,183;0,0,0,1,0,0,0,0;
63,120,213;0,0,1,0,0,0,0,0;
180,106,149;0,0,0,1,0,0,0,0;
246,152,175;1,0,0,0,0,0,0,0;
56,125,85;0,1,0,0,0,0,0,0;
247,135,161;1,0,0,0,0,0,0,0;
36,95,55;0,1,0,0,0,0,0,0;
85,127,194;0,0,1,0,0,0,0,0;
71,140,103;0,1,0,0,0,0,0,0;
75,143,109;0,1,0,0,0,0,0,0;
75,131,211;0,0,1,0,0,0,0,0;
74,142,106;0,1,0,0,0,0,0,0;
243,197,231;0,0,0,1,0,0,0,0;
247,178,202;1,0,0,0,0,0,0,0;
77,146,111;0,1,0,0,0,0,0,0;
239,180,217;0,0,0,1,0,0,0,0;
241,175,215;0,0,0,1,0,0,0,0;
80,144,113;0,1,0,0,0,0,0,0;
247,183,208;1,0,0,0,0,0,0,0;
75,120,192;0,0,1,0,0,0,0,0;
247,162,189;1,0,0,0,0,0,0,0;
73,123,210;0,0,1,0,0,0,0,0;
208,127,171;0,0,0,1,0,0,0,0;
118,255,248;0,0,0,0,1,0,0,0;
39,97,59;0,1,0,0,0,0,0,0;
241,179,219;0,0,0,1,0,0,0,0;
135,168,214;0,0,1,0,0,0,0,0;
40,65,135;0,0,1,0,0,0,0,0;
94,255,248;0,0,0,0,1,0,0,0;
247,181,206;1,0,0,0,0,0,0,0;
83,147,115;0,1,0,0,0,0,0,0;
56,128,85;0,1,0,0,0,0,0,0;
73,136,102;0,1,0,0,0,0,0,0;
64,140,95;0,1,0,0,0,0,0,0;
82,125,198;0,0,1,0,0,0,0,0;
247,177,203;1,0,0,0,0,0,0,0;
242,93,115;1,0,0,0,0,0,0,0;
247,165,192;1,0,0,0,0,0,0,0;
238,179,214;0,0,0,1,0,0,0,0;
70,125,93;0,1,0,0,0,0,0,0;
68,119,202;0,0,1,0,0,0,0,0;
79,149,114;0,1,0,0,0,0,0,0;
77,134,221;0,0,1,0,0,0,0,0;
82,135,213;0,0,1,0,0,0,0,0;
239,187,217;0,0,0,1,0,0,0,0;
81,134,213;0,0,1,0,0,0,0,0;
196,110,154;0,0,0,1,0,0,0,0;
55,103,180;0,0,1,0,0,0,0,0;
247,175,198;1,0,0,0,0,0,0,0;
77,131,215;0,0,1,0,0,0,0,0;
75,128,213;0,0,1,0,0,0,0,0;
87,136,213;0,0,1,0,0,0,0,0;
77,146,110;0,1,0,0,0,0,0,0;
245,127,152;1,0,0,0,0,0,0,0;
90,134,205;0,0,1,0,0,0,0,0;
243,198,232;0,0,0,1,0,0,0,0;
73,127,211;0,0,1,0,0,0,0,0;
235,69,94;1,0,0,0,0,0,0,0;
218,70,88;1,0,0,0,0,0,0,0;
86,135,214;0,0,1,0,0,0,0,0;
239,178,219;0,0,0,1,0,0,0,0;
242,106,132;1,0,0,0,0,0,0,0;
247,134,161;1,0,0,0,0,0,0,0;
48,115,72;0,1,0,0,0,0,0,0;
247,162,190;1,0,0,0,0,0,0,0;
70,141,103;0,1,0,0,0,0,0,0;
75,135,103;0,1,0,0,0,0,0,0;
236,166,208;0,0,0,1,0,0,0,0;
229,148,194;0,0,0,1,0,0,0,0;
90,255,248;0,0,0,0,1,0,0,0;
211,122,169;0,0,0,1,0,0,0,0;
209,126,172;0,0,0,1,0,0,0,0;
84,126,199;0,0,1,0,0,0,0,0;
61,139,96;0,1,0,0,0,0,0,0;
247,162,188;1,0,0,0,0,0,0,0;
56,104,192;0,0,1,0,0,0,0,0;
127,170,232;0,0,1,0,0,0,0,0;
74,147,109;0,1,0,0,0,0,0,0;
62,140,92;0,1,0,0,0,0,0,0;
173,104,138;0,0,0,1,0,0,0,0;
74,130,218;0,0,1,0,0,0,0,0;
223,140,187;0,0,0,1,0,0,0,0;
233,81,104;1,0,0,0,0,0,0,0;
100,138,201;0,0,1,0,0,0,0,0;
245,133,158;1,0,0,0,0,0,0,0;
244,161,184;1,0,0,0,0,0,0,0;
199,129,167;0,0,0,1,0,0,0,0;
237,177,217;0,0,0,1,0,0,0,0;
79,147,112;0,1,0,0,0,0,0,0;
210,83,98;1,0,0,0,0,0,0,0;
192,107,151;0,0,0,1,0,0,0,0;
80,148,114;0,1,0,0,0,0,0,0;
71,123,203;0,0,1,0,0,0,0,0;
236,164,205;0,0,0,1,0,0,0,0;
83,125,199;0,0,1,0,0,0,0,0;
246,139,167;1,0,0,0,0,0,0,0;
247,147,169;1,0,0,0,0,0,0,0;
118,157,215;0,0,1,0,0,0,0,0;
63,138,95;0,1,0,0,0,0,0,0;
119,165,150;0,1,0,0,0,0,0,0;
67,123,211;0,0,1,0,0,0,0,0;
226,144,190;0,0,0,1,0,0,0,0;
67,122,90;0,1,0,0,0,0,0,0;
246,133,157;1,0,0,0,0,0,0,0;
247,163,185;1,0,0,0,0,0,0,0;
72,130,100;0,1,0,0,0,0,0,0;
247,160,186;1,0,0,0,0,0,0,0;
66,145,107;0,1,0,0,0,0,0,0;
233,156,200;0,0,0,1,0,0,0,0;
74,146,108;0,1,0,0,0,0,0,0;
243,195,231;0,0,0,1,0,0,0,0;
72,133,100;0,1,0,0,0,0,0,0;
107,255,248;0,0,0,0,1,0,0,0;
212,125,173;0,0,0,1,0,0,0,0;
82,130,209;0,0,1,0,0,0,0,0;
66,94,144;0,0,1,0,0,0,0,0;
225,71,89;1,0,0,0,0,0,0,0;
229,152,196;0,0,0,1,0,0,0,0;
81,148,115;0,1,0,0,0,0,0,0;
244,193,228;0,0,0,1,0,0,0,0;
241,99,120;1,0,0,0,0,0,0,0;
95,148,118;0,1,0,0,0,0,0,0;
243,98,119;1,0,0,0,0,0,0,0;
67,126,97;0,1,0,0,0,0,0,0;
234,158,201;0,0,0,1,0,0,0,0;
235,164,207;0,0,0,1,0,0,0,0;
81,143,112;0,1,0,0,0,0,0,0;
73,144,110;0,1,0,0,0,0,0,0;
70,122,206;0,0,1,0,0,0,0,0;
86,254,248;0,0,0,0,1,0,0,0;
243,191,229;0,0,0,1,0,0,0,0;
98,143,211;0,0,1,0,0,0,0,0;
245,146,171;1,0,0,0,0,0,0,0;
73,144,107;0,1,0,0,0,0,0,0;
200,125,170;0,0,0,1,0,0,0,0;
244,132,156;1,0,0,0,0,0,0,0;
73,142,106;0,1,0,0,0,0,0,0;
79,122,195;0,0,1,0,0,0,0,0;
65,120,210;0,0,1,0,0,0,0,0;
112,255,248;0,0,0,0,1,0,0,0;
83,145,115;0,1,0,0,0,0,0,0;
241,90,113;1,0,0,0,0,0,0,0;
73,130,216;0,0,1,0,0,0,0,0;
242,189,225;0,0,0,1,0,0,0,0;
73,148,117;0,1,0,0,0,0,0,0;
229,149,194;0,0,0,1,0,0,0,0;
214,131,176;0,0,0,1,0,0,0,0;
243,123,149;1,0,0,0,0,0,0,0;
71,118,205;0,0,1,0,0,0,0,0;
59,128,90;0,1,0,0,0,0,0,0;
73,147,116;0,1,0,0,0,0,0,0;
53,105,188;0,0,1,0,0,0,0,0;
247,175,197;1,0,0,0,0,0,0,0;
221,96,114;1,0,0,0,0,0,0,0;
100,152,228;0,0,1,0,0,0,0,0;
247,154,179;1,0,0,0,0,0,0,0;
40,55,99;0,0,1,0,0,0,0,0;
222,142,186;0,0,0,1,0,0,0,0;
81,137,221;0,0,1,0,0,0,0,0;
176,107,145;0,0,0,1,0,0,0,0;
240,185,220;0,0,0,1,0,0,0,0;
237,166,208;0,0,0,1,0,0,0,0;
242,185,222;0,0,0,1,0,0,0,0;
239,175,217;0,0,0,1,0,0,0,0;
85,254,248;0,0,0,0,1,0,0,0;
55,108,201;0,0,1,0,0,0,0,0;
70,137,100;0,1,0,0,0,0,0,0;
62,89,133;0,0,1,0,0,0,0,0;
243,133,157;1,0,0,0,0,0,0,0;
80,149,117;0,1,0,0,0,0,0,0;
77,123,196;0,0,1,0,0,0,0,0;
85,139,114;0,1,0,0,0,0,0,0;
40,74,144;0,0,1,0,0,0,0,0;
72,129,215;0,0,1,0,0,0,0,0;
240,86,109;1,0,0,0,0,0,0,0;
71,147,107;0,1,0,0,0,0,0,0;
223,144,191;0,0,0,1,0,0,0,0;
88,136,212;0,0,1,0,0,0,0,0;
84,137,218;0,0,1,0,0,0,0,0;
78,254,248;0,0,0,0,1,0,0,0;
80,148,113;0,1,0,0,0,0,0,0;
247,176,201;1,0,0,0,0,0,0,0;
216,132,178;0,0,0,1,0,0,0,0;
177,109,149;0,0,0,1,0,0,0,0;
229,156,198;0,0,0,1,0,0,0,0;
79,133,214;0,0,1,0,0,0,0,0;
226,145,189;0,0,0,1,0,0,0,0;
77,130,212;0,0,1,0,0,0,0,0;
68,121,205;0,0,1,0,0,0,0,0;
205,118,164;0,0,0,1,0,0,0,0;
204,122,167;0,0,0,1,0,0,0,0;
79,133,217;0,0,1,0,0,0,0,0;
196,60,77;1,0,0,0,0,0,0,0;
247,176,199;1,0,0,0,0,0,0,0;
115,255,248;0,0,0,0,1,0,0,0;
247,178,200;1,0,0,0,0,0,0,0;
62,132,92;0,1,0,0,0,0,0,0;
237,170,211;0,0,0,1,0,0,0,0;
247,134,163;1,0,0,0,0,0,0,0;
85,150,118;0,1,0,0,0,0,0,0;
63,129,89;0,1,0,0,0,0,0,0;
247,195,217;1,0,0,0,0,0,0,0;
222,140,186;0,0,0,1,0,0,0,0;
38,55,100;0,0,1,0,0,0,0,0;
48,114,70;0,1,0,0,0,0,0,0;
52,102,72;0,1,0,0,0,0,0,0;
246,142,166;1,0,0,0,0,0,0,0;
78,129,212;0,0,1,0,0,0,0,0;
247,156,184;1,0,0,0,0,0,0,0;
82,145,114;0,1,0,0,0,0,0,0;
247,167,196;1,0,0,0,0,0,0,0;
93,142,218;0,0,1,0,0,0,0,0;
130,173,235;0,0,1,0,0,0,0,0;
243,199,231;0,0,0,1,0,0,0,0;
82,132,210;0,0,1,0,0,0,0,0;
86,136,216;0,0,1,0,0,0,0,0;
245,128,152;1,0,0,0,0,0,0,0;
80,143,111;0,1,0,0,0,0,0,0;
246,177,200;1,0,0,0,0,0,0,0;
241,187,225;0,0,0,1,0,0,0,0;
74,135,101;0,1,0,0,0,0,0,0;
215,130,177;0,0,0,1,0,0,0,0;
247,170,197;1,0,0,0,0,0,0,0;
80,124,195;0,0,1,0,0,0,0,0;
242,199,231;0,0,0,1,0,0,0,0;
80,147,112;0,1,0,0,0,0,0,0;
80,132,210;0,0,1,0,0,0,0,0;
61,117,210;0,0,1,0,0,0,0,0;
87,141,116;0,1,0,0,0,0,0,0;
68,122,207;0,0,1,0,0,0,0,0;
226,146,190;0,0,0,1,0,0,0,0;
79,132,212;0,0,1,0,0,0,0,0;
69,143,105;0,1,0,0,0,0,0,0;
238,178,216;0,0,0,1,0,0,0,0;
82,129,201;0,0,1,0,0,0,0,0;
75,118,194;0,0,1,0,0,0,0,0;
63,130,92;0,1,0,0,0,0,0,0;
247,141,170;1,0,0,0,0,0,0,0;
202,118,162;0,0,0,1,0,0,0,0;
214,135,179;0,0,0,1,0,0,0,0;
60,237,247;0,0,0,0,1,0,0,0;
108,255,248;0,0,0,0,1,0,0,0;
235,163,206;0,0,0,1,0,0,0,0;
81,125,194;0,0,1,0,0,0,0,0;
219,181,221;1,0,0,0,0,0,0,0;
151,255,248;0,0,0,0,1,0,0,0;
245,132,158;1,0,0,0,0,0,0,0;
247,170,193;1,0,0,0,0,0,0,0;
247,171,196;1,0,0,0,0,0,0,0;
247,163,190;1,0,0,0,0,0,0,0;
196,130,167;0,0,0,1,0,0,0,0;
216,69,84;1,0,0,0,0,0,0,0;
247,170,195;1,0,0,0,0,0,0,0;
75,147,114;0,1,0,0,0,0,0,0;
77,145,111;0,1,0,0,0,0,0,0;
246,157,184;1,0,0,0,0,0,0,0;
202,117,161;0,0,0,1,0,0,0,0;
63,115,204;0,0,1,0,0,0,0,0;
82,148,115;0,1,0,0,0,0,0,0;
113,160,144;0,1,0,0,0,0,0,0;
196,112,157;0,0,0,1,0,0,0,0;
236,160,204;0,0,0,1,0,0,0,0;
242,96,117;1,0,0,0,0,0,0,0;
84,148,117;0,1,0,0,0,0,0,0;
75,129,209;0,0,1,0,0,0,0,0;
167,98,136;0,0,0,1,0,0,0,0;
146,255,248;0,0,0,0,1,0,0,0;
72,127,213;0,0,1,0,0,0,0,0;
246,189,212;1,0,0,0,0,0,0,0;
73,251,248;0,0,0,0,1,0,0,0;
202,116,162;0,0,0,1,0,0,0,0;
98,254,248;0,0,0,0,1,0,0,0;
86,149,119;0,1,0,0,0,0,0,0;
248,192,159;0,0,0,0,0,0,1,0;
248,211,177;0,0,0,0,0,0,1,0;
248,208,175;0,0,0,0,0,0,1,0;
248,174,147;0,0,0,0,0,0,1,0;
248,188,160;0,0,0,0,0,0,1,0;
248,206,172;0,0,0,0,0,0,1,0;
247,157,130;0,0,0,0,0,0,1,0;
248,182,150;0,0,0,0,0,0,1,0;
248,192,160;0,0,0,0,0,0,1,0;
248,193,165;0,0,0,0,0,0,1,0;
247,155,126;0,0,0,0,0,0,1,0;
247,159,130;0,0,0,0,0,0,1,0;
247,162,135;0,0,0,0,0,0,1,0;
248,207,173;0,0,0,0,0,0,1,0;
248,188,158;0,0,0,0,0,0,1,0;
248,194,164;0,0,0,0,0,0,1,0;
248,209,175;0,0,0,0,0,0,1,0;
247,184,156;0,0,0,0,0,0,1,0;
247,157,128;0,0,0,0,0,0,1,0;
248,175,144;0,0,0,0,0,0,1,0;
248,176,145;0,0,0,0,0,0,1,0;
247,174,146;0,0,0,0,0,0,1,0;
248,201,167;0,0,0,0,0,0,1,0;
248,204,172;0,0,0,0,0,0,1,0;
248,203,169;0,0,0,0,0,0,1,0;
247,151,123;0,0,0,0,0,0,1,0;
248,210,174;0,0,0,0,0,0,1,0;
248,211,174;0,0,0,0,0,0,1,0;
242,216,182;0,0,0,0,0,0,1,0;
248,208,174;0,0,0,0,0,0,1,0;
248,206,170;0,0,0,0,0,0,1,0;
248,204,171;0,0,0,0,0,0,1,0;
244,217,182;0,0,0,0,0,0,1,0;
248,187,154;0,0,0,0,0,0,1,0;
248,200,165;0,0,0,0,0,0,1,0;
248,196,164;0,0,0,0,0,0,1,0;
248,196,162;0,0,0,0,0,0,1,0;
246,139,112;0,0,0,0,0,0,1,0;
247,160,134;0,0,0,0,0,0,1,0;
247,171,140;0,0,0,0,0,0,1,0;
247,189,157;0,0,0,0,0,0,1,0;
248,180,147;0,0,0,0,0,0,1,0;
248,198,164;0,0,0,0,0,0,1,0;
248,183,151;0,0,0,0,0,0,1,0;
247,174,145;0,0,0,0,0,0,1,0;
248,178,147;0,0,0,0,0,0,1,0;
247,179,151;0,0,0,0,0,0,1,0;
248,206,171;0,0,0,0,0,0,1,0;
248,206,173;0,0,0,0,0,0,1,0;
238,210,190;0,0,0,0,0,0,1,0;
247,161,132;0,0,0,0,0,0,1,0;
247,140,112;0,0,0,0,0,0,1,0;
248,178,149;0,0,0,0,0,0,1,0;
248,196,165;0,0,0,0,0,0,1,0;
248,198,163;0,0,0,0,0,0,1,0;
248,218,180;0,0,0,0,0,0,1,0;
248,201,168;0,0,0,0,0,0,1,0;
246,132,106;0,0,0,0,0,0,1,0;
247,155,125;0,0,0,0,0,0,1,0;
248,198,167;0,0,0,0,0,0,1,0;
248,202,170;0,0,0,0,0,0,1,0;
248,185,154;0,0,0,0,0,0,1,0;
248,213,175;0,0,0,0,0,0,1,0;
246,145,116;0,0,0,0,0,0,1,0;
247,158,131;0,0,0,0,0,0,1,0;
247,161,135;0,0,0,0,0,0,1,0;
248,211,176;0,0,0,0,0,0,1,0;
247,167,139;0,0,0,0,0,0,1,0;
246,138,113;0,0,0,0,0,0,1,0;
247,166,137;0,0,0,0,0,0,1,0;
248,207,172;0,0,0,0,0,0,1,0;
247,147,120;0,0,0,0,0,0,1,0;
247,168,140;0,0,0,0,0,0,1,0;
248,190,160;0,0,0,0,0,0,1,0;
246,141,115;0,0,0,0,0,0,1,0;
247,162,134;0,0,0,0,0,0,1,0;
248,192,162;0,0,0,0,0,0,1,0;
248,189,157;0,0,0,0,0,0,1,0;
248,193,160;0,0,0,0,0,0,1,0;
247,148,122;0,0,0,0,0,0,1,0;
248,197,164;0,0,0,0,0,0,1,0;
248,183,154;0,0,0,0,0,0,1,0;
248,202,168;0,0,0,0,0,0,1,0;
248,198,165;0,0,0,0,0,0,1,0;
248,202,167;0,0,0,0,0,0,1,0;
248,195,163;0,0,0,0,0,0,1,0;
247,154,125;0,0,0,0,0,0,1,0;
247,162,132;0,0,0,0,0,0,1,0;
248,220,183;0,0,0,0,0,0,1,0;
248,183,150;0,0,0,0,0,0,1,0;
248,195,162;0,0,0,0,0,0,1,0;
247,159,129;0,0,0,0,0,0,1,0;
248,208,171;0,0,0,0,0,0,1,0;
247,167,135;0,0,0,0,0,0,1,0;
248,212,174;0,0,0,0,0,0,1,0;
247,173,143;0,0,0,0,0,0,1,0;
247,141,114;0,0,0,0,0,0,1,0;
248,193,161;0,0,0,0,0,0,1,0;
247,149,122;0,0,0,0,0,0,1,0;
248,218,181;0,0,0,0,0,0,1,0;
248,205,172;0,0,0,0,0,0,1,0;
247,157,129;0,0,0,0,0,0,1,0;
247,156,129;0,0,0,0,0,0,1,0;
248,198,169;0,0,0,0,0,0,1,0;
247,175,147;0,0,0,0,0,0,1,0;
248,189,158;0,0,0,0,0,0,1,0;
248,184,150;0,0,0,0,0,0,1,0;
248,213,177;0,0,0,0,0,0,1,0;
245,135,109;0,0,0,0,0,0,1,0;
248,191,157;0,0,0,0,0,0,1,0;
248,190,159;0,0,0,0,0,0,1,0;
247,180,152;0,0,0,0,0,0,1,0;
248,210,175;0,0,0,0,0,0,1,0;
248,174,146;0,0,0,0,0,0,1,0;
248,205,174;0,0,0,0,0,0,1,0;
247,163,133;0,0,0,0,0,0,1,0;
248,204,170;0,0,0,0,0,0,1,0;
247,172,141;0,0,0,0,0,0,1,0;
248,219,181;0,0,0,0,0,0,1,0;
247,162,133;0,0,0,0,0,0,1,0;
248,170,139;0,0,0,0,0,0,1,0;
247,169,139;0,0,0,0,0,0,1,0;
248,191,160;0,0,0,0,0,0,1,0;
248,187,152;0,0,0,0,0,0,1,0;
247,166,138;0,0,0,0,0,0,1,0;
246,133,106;0,0,0,0,0,0,1,0;
248,210,176;0,0,0,0,0,0,1,0;
248,197,165;0,0,0,0,0,0,1,0;
248,194,166;0,0,0,0,0,0,1,0;
248,201,169;0,0,0,0,0,0,1,0;
247,146,120;0,0,0,0,0,0,1,0;
248,222,185;0,0,0,0,0,0,1,0;
235,202,184;0,0,0,0,0,0,1,0;
247,169,143;0,0,0,0,0,0,1,0;
248,214,178;0,0,0,0,0,0,1,0;
247,169,140;0,0,0,0,0,0,1,0;
248,184,153;0,0,0,0,0,0,1,0;
248,182,149;0,0,0,0,0,0,1,0;
248,223,186;0,0,0,0,0,0,1,0;
248,194,163;0,0,0,0,0,0,1,0;
248,208,172;0,0,0,0,0,0,1,0;
248,203,170;0,0,0,0,0,0,1,0;
248,220,182;0,0,0,0,0,0,1,0;
248,186,154;0,0,0,0,0,0,1,0;
248,202,169;0,0,0,0,0,0,1,0;
247,181,151;0,0,0,0,0,0,1,0;
247,219,181;0,0,0,0,0,0,1,0;
248,209,174;0,0,0,0,0,0,1,0;
248,181,151;0,0,0,0,0,0,1,0;
247,153,126;0,0,0,0,0,0,1,0;
248,203,172;0,0,0,0,0,0,1,0;
248,193,163;0,0,0,0,0,0,1,0;
248,185,152;0,0,0,0,0,0,1,0;
247,163,135;0,0,0,0,0,0,1,0;
248,182,152;0,0,0,0,0,0,1,0;
248,175,143;0,0,0,0,0,0,1,0;
247,151,124;0,0,0,0,0,0,1,0;
248,187,158;0,0,0,0,0,0,1,0;
248,191,161;0,0,0,0,0,0,1,0;
247,167,140;0,0,0,0,0,0,1,0;
248,200,169;0,0,0,0,0,0,1,0;
248,177,148;0,0,0,0,0,0,1,0;
246,129,105;0,0,0,0,0,0,1,0;
247,159,131;0,0,0,0,0,0,1,0;
248,198,166;0,0,0,0,0,0,1,0;
248,185,155;0,0,0,0,0,0,1,0;
247,174,147;0,0,0,0,0,0,1,0;
248,192,161;0,0,0,0,0,0,1,0;
247,165,135;0,0,0,0,0,0,1,0;
247,163,134;0,0,0,0,0,0,1,0;
248,197,166;0,0,0,0,0,0,1,0;
247,157,127;0,0,0,0,0,0,1,0;
247,173,144;0,0,0,0,0,0,1,0;
248,213,178;0,0,0,0,0,0,1,0;
247,156,128;0,0,0,0,0,0,1,0;
248,213,179;0,0,0,0,0,0,1,0;
248,216,180;0,0,0,0,0,0,1,0;
248,196,163;0,0,0,0,0,0,1,0;
247,143,118;0,0,0,0,0,0,1,0;
247,165,141;0,0,0,0,0,0,1,0;
248,197,168;0,0,0,0,0,0,1,0;
248,197,163;0,0,0,0,0,0,1,0;
248,207,171;0,0,0,0,0,0,1,0;
246,146,118;0,0,0,0,0,0,1,0;
248,194,162;0,0,0,0,0,0,1,0;
247,173,142;0,0,0,0,0,0,1,0;
247,152,127;0,0,0,0,0,0,1,0;
247,177,146;0,0,0,0,0,0,1,0;
248,185,157;0,0,0,0,0,0,1,0;
248,176,148;0,0,0,0,0,0,1,0;
234,166,142;0,0,0,0,0,0,1,0;
248,178,145;0,0,0,0,0,0,1,0;
247,179,150;0,0,0,0,0,0,1,0;
248,187,159;0,0,0,0,0,0,1,0;
248,188,157;0,0,0,0,0,0,1,0;
247,158,129;0,0,0,0,0,0,1,0;
247,180,149;0,0,0,0,0,0,1,0;
247,180,151;0,0,0,0,0,0,1,0;
247,169,135;0,0,0,0,0,0,1,0;
248,187,155;0,0,0,0,0,0,1,0;
248,186,156;0,0,0,0,0,0,1,0;
248,194,161;0,0,0,0,0,0,1,0;
247,139,113;0,0,0,0,0,0,1,0;
248,190,157;0,0,0,0,0,0,1,0;
248,174,141;0,0,0,0,0,0,1,0;
247,168,138;0,0,0,0,0,0,1,0;
247,181,152;0,0,0,0,0,0,1,0;
248,200,170;0,0,0,0,0,0,1,0;
247,170,143;0,0,0,0,0,0,1,0;
241,172,145;0,0,0,0,0,0,1,0;
248,209,177;0,0,0,0,0,0,1,0;
246,154,124;0,0,0,0,0,0,1,0;
247,148,120;0,0,0,0,0,0,1,0;
247,170,142;0,0,0,0,0,0,1,0;
248,200,167;0,0,0,0,0,0,1,0;
232,188,168;0,0,0,0,0,0,1,0;
248,207,174;0,0,0,0,0,0,1,0;
247,187,158;0,0,0,0,0,0,1,0;
247,145,119;0,0,0,0,0,0,1,0;
247,153,124;0,0,0,0,0,0,1,0;
248,171,140;0,0,0,0,0,0,1,0;
248,210,177;0,0,0,0,0,0,1,0;
248,199,165;0,0,0,0,0,0,1,0;
247,178,150;0,0,0,0,0,0,1,0;
248,212,176;0,0,0,0,0,0,1,0;
247,147,119;0,0,0,0,0,0,1,0;
248,205,170;0,0,0,0,0,0,1,0;
245,133,107;0,0,0,0,0,0,1,0;
247,164,136;0,0,0,0,0,0,1,0;
247,163,137;0,0,0,0,0,0,1,0;
248,184,151;0,0,0,0,0,0,1,0;
248,205,173;0,0,0,0,0,0,1,0;
248,184,155;0,0,0,0,0,0,1,0;
247,165,138;0,0,0,0,0,0,1,0;
248,177,144;0,0,0,0,0,0,1,0;
246,137,110;0,0,0,0,0,0,1,0;
248,175,148;0,0,0,0,0,0,1,0;
242,120,94;0,0,0,0,0,0,1,0;
248,177,147;0,0,0,0,0,0,1,0;
248,187,156;0,0,0,0,0,0,1,0;
248,161,129;0,0,0,0,0,0,1,0;
248,178,146;0,0,0,0,0,0,1,0;
247,178,147;0,0,0,0,0,0,1,0;
248,191,163;0,0,0,0,0,0,1,0;
247,179,149;0,0,0,0,0,0,1,0;
248,209,176;0,0,0,0,0,0,1,0;
247,178,146;0,0,0,0,0,0,1,0;
247,168,135;0,0,0,0,0,0,1,0;
247,177,149;0,0,0,0,0,0,1,0;
248,217,182;0,0,0,0,0,0,1,0;
248,186,155;0,0,0,0,0,0,1,0;
247,176,148;0,0,0,0,0,0,1,0;
247,178,149;0,0,0,0,0,0,1,0;
248,191,162;0,0,0,0,0,0,1,0;
248,195,164;0,0,0,0,0,0,1,0;
248,173,145;0,0,0,0,0,0,1,0;
248,186,158;0,0,0,0,0,0,1,0;
248,220,181;0,0,0,0,0,0,1,0;
248,177,149;0,0,0,0,0,0,1,0;
247,184,154;0,0,0,0,0,0,1,0;
248,181,152;0,0,0,0,0,0,1,0;
248,208,173;0,0,0,0,0,0,1,0;
248,183,152;0,0,0,0,0,0,1,0;
247,161,128;0,0,0,0,0,0,1,0;
248,197,162;0,0,0,0,0,0,1,0;
247,172,143;0,0,0,0,0,0,1,0;
248,174,144;0,0,0,0,0,0,1,0;
248,174,143;0,0,0,0,0,0,1,0;
248,195,165;0,0,0,0,0,0,1,0;
248,212,178;0,0,0,0,0,0,1,0;
248,220,184;0,0,0,0,0,0,1,0;
248,214,177;0,0,0,0,0,0,1,0;
247,149,123;0,0,0,0,0,0,1,0;
241,193,166;0,0,0,0,0,0,1,0;
247,149,121;0,0,0,0,0,0,1,0;
248,171,142;0,0,0,0,0,0,1,0;
247,167,134;0,0,0,0,0,0,1,0;
248,177,150;0,0,0,0,0,0,1,0;
247,172,142;0,0,0,0,0,0,1,0;
247,178,148;0,0,0,0,0,0,1,0;
248,223,185;0,0,0,0,0,0,1,0;
247,154,126;0,0,0,0,0,0,1,0;
247,175,145;0,0,0,0,0,0,1,0;
247,150,123;0,0,0,0,0,0,1,0;
247,167,133;0,0,0,0,0,0,1,0;
248,224,186;0,0,0,0,0,0,1,0;
245,128,103;0,0,0,0,0,0,1,0;
238,189,167;0,0,0,0,0,0,1,0;
247,252,175;0,0,0,0,0,0,0,1;
247,251,172;0,0,0,0,0,0,0,1;
247,251,173;0,0,0,0,0,0,0,1;
247,252,173;0,0,0,0,0,0,0,1;
246,251,172;0,0,0,0,0,0,0,1;
247,252,174;0,0,0,0,0,0,0,1;
246,251,170;0,0,0,0,0,0,0,1;
246,251,171;0,0,0,0,0,0,0,1;
246,250,167;0,0,0,0,0,0,0,1;
246,250,168;0,0,0,0,0,0,0,1;
247,251,170;0,0,0,0,0,0,0,1;
247,251,175;0,0,0,0,0,0,0,1;
247,252,172;0,0,0,0,0,0,0,1;
247,251,171;0,0,0,0,0,0,0,1;
246,250,169;0,0,0,0,0,0,0,1;
245,247,165;0,0,0,0,0,0,0,1;
237,223,138;0,0,0,0,0,0,0,1;
234,214,128;0,0,0,0,0,0,0,1;
233,213,125;0,0,0,0,0,0,0,1;
228,204,117;0,0,0,0,0,0,0,1;
220,196,104;0,0,0,0,0,0,0,1;
225,203,113;0,0,0,0,0,0,0,1;
245,247,164;0,0,0,0,0,0,0,1;
245,245,160;0,0,0,0,0,0,0,1;
246,248,164;0,0,0,0,0,0,0,1;
246,249,170;0,0,0,0,0,0,0,1;
246,250,171;0,0,0,0,0,0,0,1;
247,251,174;0,0,0,0,0,0,0,1;
247,251,176;0,0,0,0,0,0,0,1;
247,252,178;0,0,0,0,0,0,0,1;
247,252,177;0,0,0,0,0,0,0,1;
247,253,180;0,0,0,0,0,0,0,1;
247,253,181;0,0,0,0,0,0,0,1;
247,252,180;0,0,0,0,0,0,0,1;
247,253,182;0,0,0,0,0,0,0,1;
245,248,169;0,0,0,0,0,0,0,1;
238,227,141;0,0,0,0,0,0,0,1;
229,210,123;0,0,0,0,0,0,0,1;
217,197,110;0,0,0,0,0,0,0,1;
212,190,102;0,0,0,0,0,0,0,1;
200,172,85;0,0,0,0,0,0,0,1;
194,163,77;0,0,0,0,0,0,0,1;
197,168,80;0,0,0,0,0,0,0,1;
244,244,156;0,0,0,0,0,0,0,1;
244,243,156;0,0,0,0,0,0,0,1;
243,242,153;0,0,0,0,0,0,0,1;
243,238,147;0,0,0,0,0,0,0,1;
240,229,138;0,0,0,0,0,0,0,1;
230,209,117;0,0,0,0,0,0,0,1;
227,204,114;0,0,0,0,0,0,0,1;
239,225,135;0,0,0,0,0,0,0,1;
245,247,160;0,0,0,0,0,0,0,1;
245,245,158;0,0,0,0,0,0,0,1;
245,247,159;0,0,0,0,0,0,0,1;
245,247,163;0,0,0,0,0,0,0,1;
246,249,169;0,0,0,0,0,0,0,1;
246,250,172;0,0,0,0,0,0,0,1;
246,248,170;0,0,0,0,0,0,0,1;
245,247,168;0,0,0,0,0,0,0,1;
244,243,160;0,0,0,0,0,0,0,1;
242,237,151;0,0,0,0,0,0,0,1;
241,231,145;0,0,0,0,0,0,0,1;
242,232,146;0,0,0,0,0,0,0,1;
240,228,141;0,0,0,0,0,0,0,1;
240,227,140;0,0,0,0,0,0,0,1;
243,241,156;0,0,0,0,0,0,0,1;
246,249,165;0,0,0,0,0,0,0,1;
245,246,159;0,0,0,0,0,0,0,1;
245,247,162;0,0,0,0,0,0,0,1;
243,241,152;0,0,0,0,0,0,0,1;
242,237,146;0,0,0,0,0,0,0,1;
242,238,147;0,0,0,0,0,0,0,1;
238,226,136;0,0,0,0,0,0,0,1;
237,220,130;0,0,0,0,0,0,0,1;
233,213,123;0,0,0,0,0,0,0,1;
226,204,113;0,0,0,0,0,0,0,1;
231,210,118;0,0,0,0,0,0,0,1;
241,230,141;0,0,0,0,0,0,0,1;
243,240,155;0,0,0,0,0,0,0,1;
247,251,178;0,0,0,0,0,0,0,1;
247,251,177;0,0,0,0,0,0,0,1;
247,252,179;0,0,0,0,0,0,0,1;
246,249,173;0,0,0,0,0,0,0,1;
246,247,168;0,0,0,0,0,0,0,1;
245,246,164;0,0,0,0,0,0,0,1;
244,244,160;0,0,0,0,0,0,0,1;
244,242,160;0,0,0,0,0,0,0,1;
244,251,191;0,0,0,0,0,0,0,1;
243,251,191;0,0,0,0,0,0,0,1;
246,250,175;0,0,0,0,0,0,0,1;
243,245,164;0,0,0,0,0,0,0,1;
234,217,130;0,0,0,0,0,0,0,1;
228,209,120;0,0,0,0,0,0,0,1;
218,196,105;0,0,0,0,0,0,0,1;
235,216,126;0,0,0,0,0,0,0,1;
244,242,153;0,0,0,0,0,0,0,1;
244,243,154;0,0,0,0,0,0,0,1;
245,244,155;0,0,0,0,0,0,0,1;
244,242,152;0,0,0,0,0,0,0,1;
243,236,146;0,0,0,0,0,0,0,1;
244,241,149;0,0,0,0,0,0,0,1;
243,238,146;0,0,0,0,0,0,0,1;
241,228,136;0,0,0,0,0,0,0,1;
240,227,136;0,0,0,0,0,0,0,1;
234,216,122;0,0,0,0,0,0,0,1;
229,209,114;0,0,0,0,0,0,0,1;
215,194,98;0,0,0,0,0,0,0,1;
191,164,74;0,0,0,0,0,0,0,1;
192,166,76;0,0,0,0,0,0,0,1;
212,191,98;0,0,0,0,0,0,0,1;
241,229,136;0,0,0,0,0,0,0,1;
243,241,154;0,0,0,0,0,0,0,1;
242,234,146;0,0,0,0,0,0,0,1;
242,238,151;0,0,0,0,0,0,0,1;
242,238,150;0,0,0,0,0,0,0,1;
241,231,141;0,0,0,0,0,0,0,1;
242,238,149;0,0,0,0,0,0,0,1;
243,241,153;0,0,0,0,0,0,0,1;
243,240,151;0,0,0,0,0,0,0,1;
244,245,159;0,0,0,0,0,0,0,1;
244,246,161;0,0,0,0,0,0,0,1;
246,250,170;0,0,0,0,0,0,0,1;
240,244,168;0,0,0,0,0,0,0,1;
241,245,170;0,0,0,0,0,0,0,1;
246,251,173;0,0,0,0,0,0,0,1;
246,250,173;0,0,0,0,0,0,0,1;
246,249,172;0,0,0,0,0,0,0,1;
246,249,171;0,0,0,0,0,0,0,1;
245,246,166;0,0,0,0,0,0,0,1;
245,247,166;0,0,0,0,0,0,0,1;
245,246,165;0,0,0,0,0,0,0,1;
245,245,163;0,0,0,0,0,0,0,1;
244,244,163;0,0,0,0,0,0,0,1;
244,244,162;0,0,0,0,0,0,0,1;
245,246,160;0,0,0,0,0,0,0,1;
245,244,157;0,0,0,0,0,0,0,1;
243,235,146;0,0,0,0,0,0,0,1;
243,238,148;0,0,0,0,0,0,0,1;
238,222,131;0,0,0,0,0,0,0,1;
245,246,162;0,0,0,0,0,0,0,1;
246,249,174;0,0,0,0,0,0,0,1;
244,245,163;0,0,0,0,0,0,0,1;
245,252,186;0,0,0,0,0,0,0,1;
244,251,193;0,0,0,0,0,0,0,1;
245,248,167;0,0,0,0,0,0,0,1;
241,236,148;0,0,0,0,0,0,0,1;
205,194,141;0,0,0,0,0,0,0,1;
230,210,118;0,0,0,0,0,0,0,1;
244,241,151;0,0,0,0,0,0,0,1;
244,244,155;0,0,0,0,0,0,0,1;
244,241,153;0,0,0,0,0,0,0,1;
243,237,148;0,0,0,0,0,0,0,1;
239,225,134;0,0,0,0,0,0,0,1;
219,193,106;0,0,0,0,0,0,0,1;
239,226,141;0,0,0,0,0,0,0,1;
245,247,170;0,0,0,0,0,0,0,1;
246,250,174;0,0,0,0,0,0,0,1;
247,253,183;0,0,0,0,0,0,0,1;
246,249,164;0,0,0,0,0,0,0,1;
246,248,162;0,0,0,0,0,0,0,1;
244,243,155;0,0,0,0,0,0,0,1;
245,245,157;0,0,0,0,0,0,0,1;
231,209,119;0,0,0,0,0,0,0,1;
212,185,97;0,0,0,0,0,0,0,1;
212,184,97;0,0,0,0,0,0,0,1;
235,215,127;0,0,0,0,0,0,0,1;
246,247,169;0,0,0,0,0,0,0,1;
247,253,185;0,0,0,0,0,0,0,1;
246,249,167;0,0,0,0,0,0,0,1;
244,243,153;0,0,0,0,0,0,0,1;
236,216,129;0,0,0,0,0,0,0,1;
233,212,124;0,0,0,0,0,0,0,1;
228,205,116;0,0,0,0,0,0,0,1;
226,203,116;0,0,0,0,0,0,0,1;
231,210,121;0,0,0,0,0,0,0,1;
243,238,149;0,0,0,0,0,0,0,1;
247,252,181;0,0,0,0,0,0,0,1;
247,251,179;0,0,0,0,0,0,0,1;
247,250,177;0,0,0,0,0,0,0,1;
247,254,188;0,0,0,0,0,0,0,1;
247,254,185;0,0,0,0,0,0,0,1;
247,252,176;0,0,0,0,0,0,0,1;
239,228,140;0,0,0,0,0,0,0,1;
228,207,118;0,0,0,0,0,0,0,1;
227,205,115;0,0,0,0,0,0,0,1;
241,231,142;0,0,0,0,0,0,0,1;
246,251,174;0,0,0,0,0,0,0,1;
245,248,170;0,0,0,0,0,0,0,1;
244,243,159;0,0,0,0,0,0,0,1;
244,242,158;0,0,0,0,0,0,0,1;
243,250,184;0,0,0,0,0,0,0,1;
245,248,163;0,0,0,0,0,0,0,1;
244,240,149;0,0,0,0,0,0,0,1;
244,240,147;0,0,0,0,0,0,0,1;
243,239,148;0,0,0,0,0,0,0,1;
244,240,151;0,0,0,0,0,0,0,1;
246,251,176;0,0,0,0,0,0,0,1;
244,244,165;0,0,0,0,0,0,0,1;
242,239,154;0,0,0,0,0,0,0,1;
243,240,157;0,0,0,0,0,0,0,1;
247,254,187;0,0,0,0,0,0,0,1;
243,251,194;0,0,0,0,0,0,0,1;
246,249,163;0,0,0,0,0,0,0,1;
244,242,154;0,0,0,0,0,0,0,1;
239,224,134;0,0,0,0,0,0,0,1;
229,208,118;0,0,0,0,0,0,0,1;
224,200,110;0,0,0,0,0,0,0,1;
227,205,114;0,0,0,0,0,0,0,1;
245,247,161;0,0,0,0,0,0,0,1;
243,242,154;0,0,0,0,0,0,0,1;
246,248,166;0,0,0,0,0,0,0,1;
246,251,175;0,0,0,0,0,0,0,1;
245,247,169;0,0,0,0,0,0,0,1;
243,241,158;0,0,0,0,0,0,0,1;
241,232,146;0,0,0,0,0,0,0,1;
242,235,149;0,0,0,0,0,0,0,1;
247,253,187;0,0,0,0,0,0,0,1;
242,249,185;0,0,0,0,0,0,0,1;
245,246,158;0,0,0,0,0,0,0,1;
245,245,156;0,0,0,0,0,0,0,1;
242,235,143;0,0,0,0,0,0,0,1;
240,227,135;0,0,0,0,0,0,0,1;
241,230,139;0,0,0,0,0,0,0,1;
243,237,145;0,0,0,0,0,0,0,1;
242,240,157;0,0,0,0,0,0,0,1;
240,230,144;0,0,0,0,0,0,0,1;
240,228,142;0,0,0,0,0,0,0,1;
243,242,159;0,0,0,0,0,0,0,1;
242,234,141;0,0,0,0,0,0,0,1;
244,242,151;0,0,0,0,0,0,0,1;
244,238,148;0,0,0,0,0,0,0,1;
244,241,152;0,0,0,0,0,0,0,1;
242,234,142;0,0,0,0,0,0,0,1;
241,230,140;0,0,0,0,0,0,0,1;
246,248,172;0,0,0,0,0,0,0,1;
244,243,161;0,0,0,0,0,0,0,1;
247,253,188;0,0,0,0,0,0,0,1;
244,241,147;0,0,0,0,0,0,0,1;
244,244,157;0,0,0,0,0,0,0,1;
237,219,133;0,0,0,0,0,0,0,1;
233,212,126;0,0,0,0,0,0,0,1;
238,221,133;0,0,0,0,0,0,0,1;
246,249,166;0,0,0,0,0,0,0,1;
243,243,162;0,0,0,0,0,0,0,1;
241,235,151;0,0,0,0,0,0,0,1;
241,231,146;0,0,0,0,0,0,0,1;
247,254,186;0,0,0,0,0,0,0,1;
245,246,163;0,0,0,0,0,0,0,1;
234,215,128;0,0,0,0,0,0,0,1;
224,202,114;0,0,0,0,0,0,0,1;
223,201,114;0,0,0,0,0,0,0,1;
227,206,117;0,0,0,0,0,0,0,1;
240,230,141;0,0,0,0,0,0,0,1;
246,250,177;0,0,0,0,0,0,0,1;
244,243,164;0,0,0,0,0,0,0,1;
243,241,160;0,0,0,0,0,0,0,1;
241,236,152;0,0,0,0,0,0,0,1;
242,236,151;0,0,0,0,0,0,0,1;
242,239,157;0,0,0,0,0,0,0,1;
245,248,173;0,0,0,0,0,0,0,1;
246,252,189;0,0,0,0,0,0,0,1;
244,251,194;0,0,0,0,0,0,0,1;
243,251,200;0,0,0,0,0,0,0,1;
242,251,201;0,0,0,0,0,0,0,1;
242,250,199;0,0,0,0,0,0,0,1;
243,250,183;0,0,0,0,0,0,0,1;
235,219,133;0,0,0,0,0,0,0,1;
218,194,108;0,0,0,0,0,0,0,1;
222,200,111;0,0,0,0,0,0,0,1;
228,207,116;0,0,0,0,0,0,0,1;
245,246,161;0,0,0,0,0,0,0,1;
242,231,140;0,0,0,0,0,0,0,1;
242,236,145;0,0,0,0,0,0,0,1;
239,226,136;0,0,0,0,0,0,0,1;
233,214,124;0,0,0,0,0,0,0,1;
234,215,124;0,0,0,0,0,0,0,1;
230,210,119;0,0,0,0,0,0,0,1;
234,216,126;0,0,0,0,0,0,0,1;
243,241,155;0,0,0,0,0,0,0,1;
238,220,133;0,0,0,0,0,0,0,1;
232,210,124;0,0,0,0,0,0,0,1;
231,208,121;0,0,0,0,0,0,0,1;
235,211,125;0,0,0,0,0,0,0,1;
216,189,101;0,0,0,0,0,0,0,1;
196,166,77;0,0,0,0,0,0,0,1;
194,168,80;0,0,0,0,0,0,0,1;
208,184,94;0,0,0,0,0,0,0,1;
231,211,117;0,0,0,0,0,0,0,1;
217,194,101;0,0,0,0,0,0,0,1;
212,188,98;0,0,0,0,0,0,0,1;
212,186,95;0,0,0,0,0,0,0,1;
214,189,99;0,0,0,0,0,0,0,1;
219,195,106;0,0,0,0,0,0,0,1;
214,190,98;0,0,0,0,0,0,0,1;
242,236,144;0,0,0,0,0,0,0,1;
243,251,190;0,0,0,0,0,0,0,1;
248,189,160;0,0,0,0,0,0,1,0;
247,170,139;0,0,0,0,0,0,1,0;
247,161,133;0,0,0,0,0,0,1,0;
248,200,168;0,0,0,0,0,0,1,0;
248,190,158;0,0,0,0,0,0,1,0;
247,141,115;0,0,0,0,0,0,1,0;
248,171,139;0,0,0,0,0,0,1,0;
248,184,154;0,0,0,0,0,0,1,0;
248,172,143;0,0,0,0,0,0,1,0;
248,221,183;0,0,0,0,0,0,1,0;
248,175,145;0,0,0,0,0,0,1,0;
248,190,161;0,0,0,0,0,0,1,0;